,Live Spectrum 10-11-2023 10:01:39 - Spikes removed,Live Spectrum 10-11-2023 10:01:40 - Spikes removed,Live Spectrum 10-11-2023 10:01:43 - Spikes removed,Live Spectrum 10-11-2023 10:01:44 - Spikes removed,
Wavelength [nm],Intensity,intensity,intensity,intensity,
360.9374,17.03125,16.9375,16.875,16.3125,
361.2189,16.87118,16.80868,16.95087,16.28889,
361.5005,16.83538,16.73856,17.160063,16.42913,
361.7821,17.01713,16.6848,17.15895,16.650851,
362.0636,17.146952,16.835301,17.008449,16.883449,
362.3452,17.293532,16.934702,16.909048,16.746112,
362.6267,17.261361,17.022722,16.752861,16.536945,
362.9083,17.109238,16.811098,16.580518,16.4375,
363.1899,16.814617,16.664994,16.66817,16.467691,
363.4714,16.682187,16.77328,16.950783,16.516953,
363.7530,16.662609,16.537065,17.187772,16.550054,
364.0346,16.604904,16.4375,17.167404,16.417958,
364.3161,16.607474,16.594909,17.035052,16.276289,
364.5977,16.722274,16.534657,17.024319,16.201363,
364.8792,16.802287,16.160132,17.03125,16.265931,
365.1608,16.756575,16.289487,16.667739,16.085513,
365.4424,16.660676,16.342275,16.982296,16.211373,
365.7239,16.845072,16.659554,17.3125,16.438161,
366.0055,16.983657,17.002823,17.297593,16.493611,
366.2870,17.183578,17.449139,17.081983,16.390561,
366.5686,17.104873,17.238289,16.965749,16.269833,
366.8502,16.845046,16.846343,16.872407,16.188796,
367.1317,16.851882,16.730346,17.006928,16.417919,
367.4133,17.104779,16.806988,16.830883,17.033092,
367.6949,16.97152,16.63779,16.73721,16.64768,
367.9764,16.793633,16.91805,16.747839,16.456367,
368.2580,16.648238,17.251335,16.748665,16.40625,
368.5395,16.414647,17.010733,16.646612,16.56856,
368.8211,16.29592,16.59503,16.57398,16.50957,
369.1027,16.185502,16.46875,16.498002,16.298754,
369.3842,16.620694,16.654528,16.863527,17.039555,
369.6658,16.905944,16.743689,17.174572,17.187806,
369.9473,16.990799,16.883246,17.405295,17.076302,
370.2289,17.056707,16.764483,17.635974,16.949086,
370.5105,17.002397,16.810103,17.475942,17.117808,
370.7920,16.998028,16.976144,17.313486,17.189472,
371.0736,16.872822,17.452746,17.379356,17.308144,
371.3552,16.816751,17.633108,17.468356,17.215287,
371.6367,16.564173,17.385804,17.665381,16.985339,
371.9183,16.259661,16.935234,17.50493,17.033715,
372.1998,16.205213,16.807316,17.28593,16.88436,
372.4814,16.25,17.094315,17.061088,16.676424,
372.7630,16.335112,17.145797,16.713524,16.494774,
373.0445,16.441149,17.141656,16.697652,16.547906,
373.3261,16.344504,17.420178,16.780873,16.826428,
373.6076,16.36658,17.033453,16.8125,16.832222,
373.8892,16.269294,16.57506,16.737742,16.569234,
374.1708,16.318705,16.643728,16.646886,16.387522,
374.4523,16.537759,16.731336,16.646918,16.299914,
374.7339,16.87603,16.773523,16.79739,16.375343,
375.0155,17.119485,16.856617,16.969362,16.50674,
375.2970,17.236396,16.848285,17.106862,16.451104,
375.5786,17.165093,16.900355,17.125,16.267685,
375.8601,16.678116,16.846483,17.095117,16.51895,
376.1417,16.813958,16.907083,17.032708,16.501458,
376.4233,17.027696,17.03125,17.251777,16.71342,
376.7048,16.945374,16.997856,17.294608,16.601624,
376.9864,16.764688,16.689374,17.391562,16.376874,
377.2679,16.837303,16.537697,17.306053,16.225197,
377.5495,16.836473,16.610447,17.28125,16.313929,
377.8311,16.992017,16.892946,17.205012,16.538119,
378.1126,17.242812,17.03069,16.987001,16.558626,
378.3942,17.419284,16.649733,16.956606,16.450089,
378.6758,17.50303,16.748957,17.01714,16.46875,
378.9573,17.328129,16.828128,17.093747,16.609371,
379.2389,17.118966,16.598816,17.221767,16.852801,
379.5204,17.155682,16.705,17.417727,17.123864,
379.8020,17.440218,17.186018,17.672184,17.350667,
380.0836,17.692248,17.202003,17.317508,16.800762,
380.3651,17.426462,17.07878,17.17122,16.53125,
380.6467,16.968251,17.087089,17.1875,16.703375,
380.9282,16.848937,17.041624,17.005061,16.932439,
381.2098,16.595976,17.141372,16.831098,16.94122,
381.4914,16.591492,17.098266,16.754516,16.879516,
381.7729,16.502405,17.154646,16.993586,16.418277,
382.0545,16.320279,17.104904,17.169997,16.24611,
382.3360,16.695869,16.164619,16.356304,16.054131,
382.6176,16.833684,16.291842,16.563026,15.9375,
382.8992,17.004963,16.414705,16.8125,16.00202,
383.1807,16.967352,16.625,16.793331,16.375699,
383.4623,16.695318,16.625,16.703129,16.492189,
383.7439,16.643452,16.615774,16.674702,16.394943,
384.0254,16.676865,16.604385,16.740021,16.154938,
384.3070,16.535861,16.649078,16.937756,16.284067,
384.5885,16.478118,16.768121,17.106879,16.660626,
384.8701,16.819369,16.889829,16.85171,16.699145,
385.1517,17.032431,16.987327,16.671285,16.813681,
385.4332,16.780961,16.956923,16.585865,16.650192,
385.7148,16.505586,16.818086,16.550221,16.367201,
385.9963,16.489091,16.943975,16.786247,16.057503,
386.2779,16.695339,17.03125,17.05818,16.024317,
386.5595,16.619814,17.054312,16.871315,16.039438,
386.8410,16.391597,16.867183,16.878909,16.226567,
387.1226,16.678647,16.915545,16.854727,16.564625,
387.4042,16.777102,17.235626,16.762443,16.679205,
387.6857,16.951877,17.167499,16.664687,16.772813,
387.9673,16.909215,16.739503,16.745553,16.483574,
388.2488,16.90625,16.37674,16.843275,16.655301,
388.5304,17.145808,16.504641,17.034656,16.585704,
388.8120,16.879946,16.637365,16.327338,17.182554,
389.0935,16.94128,16.826612,16.530241,17.087199,
389.3751,16.989077,17.166413,16.800817,16.822663,
389.6566,17.080994,17.180483,17.075256,16.8176,
389.9382,17.03125,17.023582,17.101995,16.578413,
390.2198,16.995437,16.883608,16.968577,16.414858,
390.5013,16.90625,16.563052,16.781802,16.073837,
390.7829,16.699133,16.615065,16.741763,15.899711,
391.0645,16.445949,16.799725,16.857899,15.666276,
391.3460,16.537599,16.949703,16.96875,15.640377,
391.6276,16.40757,17.15625,16.96875,15.919566,
391.9091,16.50922,17.106609,17.018391,16.511112,
392.1907,16.86977,16.991327,17.044707,17.04426,
392.4723,17.088353,16.9375,17.03125,16.934657,
392.7538,16.881763,16.978039,16.970441,16.548994,
393.0354,16.535003,17.171998,17.216996,15.997755,
393.3169,16.528397,17.181827,17.230129,15.880673,
393.5985,16.873764,16.916816,17.067783,15.882307,
393.8801,16.893279,16.793436,16.804836,16.000786,
394.1616,16.954096,16.623058,16.697269,16.347635,
394.4432,16.748204,16.869433,16.715068,16.351113,
394.7248,16.833813,17.050079,16.747516,16.602642,
395.0063,17.023497,17.092458,16.839874,16.565084,
395.2879,16.719804,17.062605,16.937184,16.936235,
395.5694,16.780174,17.215523,16.810349,16.835144,
395.8510,16.747748,17.111491,16.747748,16.589247,
396.1326,16.739282,16.913546,16.732438,16.538094,
396.4141,16.929186,16.700402,16.871273,16.589163,
396.6957,17.096981,16.645472,17.059984,16.579741,
396.9772,17.263803,16.957816,17.235809,16.65625,
397.2588,17.159541,17.161445,17.269392,16.511341,
397.5404,16.737139,16.915444,16.957749,16.204082,
397.8219,16.750251,16.896168,17.218247,16.510082,
398.1035,16.767763,16.858365,17.252021,16.59375,
398.3851,16.918844,16.7234,16.930026,16.480403,
398.6666,16.992367,16.419967,16.673783,16.216482,
398.9482,16.95866,16.4375,16.774925,16.153087,
399.2297,16.827803,16.469393,17.129501,16.282536,
399.5113,16.727232,16.687589,17.070894,16.241429,
399.7929,16.728871,16.988992,16.84375,16.247026,
400.0744,16.761998,17.267016,16.940009,16.485766,
400.3560,16.627942,17.436029,16.918628,16.614093,
400.6375,16.412496,17.447321,16.896429,16.753575,
400.9191,16.27622,17.30244,17.0188,16.67744,
401.2007,16.367929,17.037728,17.204015,16.742929,
401.4822,16.504875,16.96875,17.299313,16.855219,
401.7638,16.53125,16.840141,17.209613,16.489174,
402.0453,16.691942,16.785718,17.107154,16.459814,
402.3269,16.99712,16.78125,17.149424,16.357402,
402.6085,17.002363,16.78125,17.098476,16.199315,
402.8900,17.059863,16.841113,16.944092,16.037842,
403.1716,16.907643,17.029578,16.9375,16.062221,
403.4532,16.90625,17.189767,16.658517,16.224796,
403.7347,16.924101,17.27054,16.733934,16.46161,
404.0163,17.201894,17.102178,16.465941,16.354987,
404.2978,17.027422,17.179843,16.452813,16.495549,
404.5794,17,17.10563,16.552815,16.682658,
404.8610,16.994149,16.953189,16.5,16.638696,
405.1425,16.95504,16.76371,16.534276,16.514513,
405.4241,16.94552,16.820354,16.679812,16.335896,
405.7056,17.035956,16.879142,16.785392,16.321348,
405.9872,16.978587,16.79169,16.93402,16.55032,
406.2688,17,16.492813,17.0625,16.837694,
406.5503,16.929205,16.750643,16.897312,16.389661,
406.8319,16.876364,16.931796,16.497272,16.194568,
407.1135,16.79011,16.900042,16.243792,16.42864,
407.3950,16.636026,16.738974,16.141545,16.670955,
407.6766,16.656094,16.781562,16.093672,16.405548,
407.9581,16.410955,16.956103,16.079118,15.82588,
408.2397,16.583765,16.666235,16.515347,16.12463,
408.5213,16.86226,16.40625,16.584604,16.5625,
408.8028,16.991696,16.367351,16.270105,16.484703,
409.0844,17.164416,16.241834,16.228267,16.49865,
409.3659,17.346624,16.592433,16.548372,16.467313,
409.6475,17.384014,16.914668,16.887628,16.4375,
409.9291,17.097133,17.246617,16.899283,16.414344,
410.2106,16.97593,17.44003,16.658371,16.33404,
410.4922,17.218543,17.14402,16.493833,16.737148,
410.7738,17.125947,17.114268,16.365215,16.817866,
411.0553,16.879483,17.178567,16.34375,16.705366,
411.3369,16.788394,17.270534,16.537497,16.659822,
411.6184,17.038362,17.052706,16.591068,16.627682,
411.9000,17.0625,16.972344,16.623203,16.477735,
412.1816,16.8805,16.78675,16.776666,16.317084,
412.4631,16.718957,16.750041,16.812459,16.281291,
412.7447,16.383291,16.503316,16.902105,16.746684,
413.0262,16.695973,16.625,16.738137,16.614832,
413.3078,16.861638,16.609667,16.533805,16.450277,
413.5894,17.0625,16.423854,16.565911,16.621041,
413.8709,17.049712,16.321025,16.59375,16.856538,
414.1525,16.978968,16.415872,16.649949,16.942609,
414.4341,17.055052,16.666654,16.913698,16.962799,
414.7156,17.169825,16.803025,16.853225,16.85605,
414.9972,17.21875,16.641011,17.00762,16.676794,
415.2787,17.201856,16.602197,17.039697,17.022803,
415.5603,17.15625,16.63427,17.090309,16.916574,
415.8419,17.1159,16.646163,16.964589,16.658226,
416.1234,17.042151,16.635901,16.475296,16.629355,
416.4050,17.050791,16.550869,16.277373,16.625156,
416.6865,17.056275,16.362487,16.143674,16.187373,
416.9681,17.040503,16.703167,16.510472,16.292858,
417.2497,16.926432,17.088758,17.057508,16.800348,
417.5312,16.830313,16.924063,16.773647,16.9375,
417.8128,16.702847,16.906361,16.625111,16.686609,
418.0944,16.690844,17.316102,16.689172,16.207046,
418.3759,16.732763,17.690723,16.77046,15.982763,
418.6575,16.862811,17.574689,16.8125,16.310895,
418.9390,17.006298,17.356106,16.756178,16.900431,
419.2206,17.089857,17.00775,16.875035,16.831965,
419.5022,17.104707,16.904628,16.989043,16.65625,
419.7837,17.030614,16.727047,17.084181,16.635205,
420.0653,16.716689,16.755759,17.103207,16.625,
420.3468,16.34585,16.744891,17.003604,16.354563,
420.6284,16.412925,16.695475,16.8291,16.20345,
420.9100,16.804878,16.471418,16.613186,16.067454,
421.1915,17.128898,16.381511,16.488284,16.080727,
421.4731,16.983791,16.909736,17.10534,16.501168,
421.7546,16.989868,17.03125,17.433288,16.698486,
422.0362,16.9731,17.08505,17.46875,16.315253,
422.3178,16.885917,17.121361,17.22025,16.084333,
422.5993,16.648457,17.125,16.904321,15.864275,
422.8809,16.74108,17.06696,16.84598,15.640609,
423.1625,16.690564,17.121936,16.903186,15.714153,
423.4440,16.900377,16.972945,16.815017,15.657928,
423.7256,16.812951,17.062049,16.999098,15.68735,
424.0071,16.9375,17.221419,16.96448,15.81677,
424.2887,16.942354,17.373787,16.71875,16.06614,
424.5703,17.053057,17.326753,16.703642,16.19591,
424.8518,16.898572,17.059941,16.463632,16.815059,
425.1334,16.796373,17.028025,16.386897,16.837299,
425.4149,16.640701,17.019436,16.210976,16.750152,
425.6965,16.549428,17.069904,16.201695,16.385826,
425.9781,16.661447,16.510526,16.473947,15.619605,
426.2596,16.669963,16.197388,16.488308,16.156033,
426.5412,16.548321,15.98173,16.489419,16.620909,
426.8228,16.353612,16.238004,16.658982,16.779585,
427.1043,16.273485,17.022911,16.554735,16.500383,
427.3859,16.216418,17.180505,16.413714,16.354477,
427.6674,16.197175,16.807009,15.985488,16.486794,
427.9490,16.268917,16.668583,15.950204,16.492674,
428.2306,16.123604,16.916512,16.571366,16.437035,
428.5121,16.464748,16.839626,16.911748,16.5,
428.7937,16.75,16.65625,17.144766,16.454065,
429.0752,16.82253,16.825487,17.100823,16.411265,
429.3568,16.874057,17.296768,16.986368,16.506816,
429.6384,16.821104,17.500758,16.901569,16.642207,
429.9199,16.847248,17.069726,16.965252,16.819381,
430.2015,16.841427,16.513939,16.927683,16.486812,
430.4831,16.859954,16.297454,16.798611,15.954861,
430.7646,16.75,16.359375,16.78125,15.96875,
431.0462,16.850642,16.550895,16.861098,16.112247,
431.3277,17.148636,16.773636,16.990097,16.321655,
431.6093,17.232665,16.875,17.09717,16.489506,
431.8909,17.057679,16.839207,17.214484,16.58494,
432.1724,16.75296,16.72023,17.37352,16.588092,
432.4540,16.834077,16.941355,17.285444,16.619521,
432.7355,16.988306,17.105444,17.207056,16.675806,
433.0171,16.899499,17.154051,17.158449,16.767901,
433.2987,16.885031,17.043016,17.001157,16.729938,
433.5802,17.223899,16.884044,16.535144,16.666323,
433.8618,17.309875,16.930584,16.365458,16.65625,
434.1434,17.28125,17.168875,16.308292,16.54507,
434.4249,17.212971,17.409317,16.486086,16.52276,
434.7065,16.81504,17.445471,16.492664,16.856705,
434.9880,16.806469,17.294737,16.516338,16.990983,
435.2696,17.038188,16.958344,16.458336,17.131945,
435.5512,17.217807,16.850189,16.561557,17.075377,
435.8327,17.275314,16.818436,17.024087,16.961244,
436.1143,17.203813,16.735063,17.228249,16.834251,
436.3958,17.161193,16.481991,17.144774,16.73358,
436.6774,17.07586,16.330313,16.88383,16.745547,
436.9590,16.216738,16.476196,16.543641,16.640869,
437.2405,16.787863,16.472235,16.416706,16.680529,
437.5221,17.213907,16.355781,16.123828,16.631016,
437.8037,17.020273,16.228887,16.151182,16.653716,
438.0852,16.824888,16.21875,15.922767,16.65625,
438.3668,16.931103,16.426306,15.876599,16.65625,
438.6483,16.696603,16.226715,15.603991,16.385241,
438.9299,16.442945,16.402167,15.410333,16.191583,
439.2115,17.057952,16.840567,16.107436,15.908296,
439.4930,17.218528,17.000887,16.445372,16.093528,
439.7746,17.188167,17.126334,16.684166,16.065834,
440.0561,17.214319,17.176423,16.526819,16.226504,
440.3377,17.099929,16.865732,16.409339,16.434411,
440.6193,17.21875,16.683545,16.486548,16.390821,
440.9008,17.221156,16.634626,16.771658,16.629813,
441.1824,17.278313,16.775482,17.03125,16.611055,
441.4640,17.520222,17.024746,17.021493,15.87302,
441.7455,17.141574,16.979757,16.893472,16.125,
442.0271,17.039414,17.070664,16.546172,16.141328,
442.3086,17.098241,17.151945,16.433009,16.236528,
442.5902,17.134791,17.302709,16.420937,16.146459,
442.8718,17.155721,17.175848,16.531779,16.099047,
443.1533,16.948758,16.784032,16.710274,16.130694,
443.4349,16.816134,16.686683,16.782067,16.150163,
443.7164,17.186372,16.780122,16.682152,16.150902,
443.9980,17.0625,16.642529,16.815553,16.256861,
444.2796,17.026291,16.59375,16.959226,16.288492,
444.5611,16.944346,16.608988,16.993154,16.335357,
444.8427,17.118447,16.664242,16.875,16.390265,
445.1242,17.239441,16.695862,16.908447,16.285217,
445.4058,17.116273,16.692568,17.069819,16.125,
445.6874,16.939237,16.661356,16.968241,16.224979,
445.9689,16.581393,16.72166,16.850283,16.49709,
446.2505,16.556396,16.646449,16.574783,16.601702,
446.5321,16.436702,16.594548,16.467153,16.6875,
446.8136,16.5,16.583733,16.604247,16.677003,
447.0952,16.489161,16.741695,16.603322,16.623733,
447.3767,16.46875,16.854927,16.506614,16.450727,
447.6583,16.503286,16.840464,16.383226,16.261512,
447.9399,16.811194,16.769407,16.568759,16.458888,
448.2214,17.243089,16.786508,16.925331,16.603967,
448.5030,17.268758,16.856242,16.943727,16.212598,
448.7845,17.275623,16.926247,16.974377,15.879068,
449.0661,17.207483,17.105017,16.898119,15.868144,
449.3477,17.008745,17.196245,16.857189,16.111883,
449.6292,16.910007,17.16624,16.861253,16.314976,
449.9108,16.945253,17.092294,16.815649,16.451551,
450.1924,16.830337,17.152764,16.967812,16.454399,
450.4739,16.681635,17.303718,17.1875,16.510737,
450.7555,16.826071,17.097859,17.127739,16.57881,
451.0370,16.920687,16.954313,17.0625,16.547271,
451.3186,17.015293,17.014851,17.093529,16.546764,
451.6002,16.999317,17.251367,17.172388,16.625683,
451.8817,17.082163,17.342853,17.234824,16.735721,
452.1633,17.235098,17.279805,17.315391,16.797598,
452.4448,17.017349,16.76808,17.275292,16.762646,
452.7264,16.863154,16.428173,17.052424,16.583674,
453.0080,16.957692,16.671474,16.783173,16.485897,
453.2895,16.965187,16.86472,16.65625,16.5,
453.5711,16.972824,16.90625,16.691574,16.658959,
453.8527,16.928345,16.959992,16.754578,16.906647,
454.1342,16.929486,17.036324,16.817574,16.981838,
454.4158,16.96875,17.044094,16.788531,16.950344,
454.6973,17.043339,16.732894,16.75,17.161267,
454.9789,17.037097,16.512366,16.768884,17.085888,
455.2605,16.885293,16.366175,16.743014,16.803675,
455.5420,16.657719,16.223207,16.71875,16.699402,
455.8236,16.582074,16.1875,16.738324,16.824517,
456.1051,16.633343,16.326075,16.809389,17.084418,
456.3867,16.776343,16.566373,16.923812,17.247546,
456.6683,16.924673,16.757404,17.049673,17.321712,
456.9498,16.989193,16.64896,17.379945,17.037112,
457.2314,16.958699,16.417945,17.242141,16.56524,
457.5130,16.9375,16.322895,16.926908,16.239408,
457.7945,16.895388,16.333556,16.84375,16.114138,
458.0761,16.875,16.577539,17.035032,16.561328,
458.3576,16.746316,16.987763,17.210789,16.867039,
458.6392,16.817326,17.298101,17.271638,16.949525,
458.9208,16.875,17.353176,17.041183,16.81598,
459.2023,16.897007,16.793564,16.827463,16.772007,
459.4839,16.950624,16.806557,17.00312,16.78125,
459.7654,17.147655,17.018065,17.227929,16.78125,
460.0470,17.21875,17.197714,17.303786,16.713643,
460.3286,17.264159,17.159181,17.267091,16.778319,
460.6101,17.21264,16.987779,17.135649,16.85824,
460.8917,17.164468,16.638082,16.955557,16.828936,
461.1733,17.133059,16.438488,16.975822,16.766119,
461.4548,17.125,16.429596,17.093382,16.890074,
461.7364,17.171994,16.4375,17.007514,16.749523,
462.0179,17.211145,16.461145,16.897815,16.521984,
462.2995,17.171171,16.421171,16.684682,16.682858,
462.5811,16.988734,16.549835,16.625,16.845723,
462.8626,16.769021,16.59375,16.721274,16.802795,
463.1442,16.863966,16.642155,16.846811,16.660237,
463.4257,16.97925,16.72925,16.948,16.406,
463.7073,17.097843,16.798921,17.017671,16.539435,
463.9889,17.198754,16.714162,17.03125,16.495412,
464.2704,17.21875,16.88514,16.73479,16.12288,
464.5520,17.21875,17.06161,16.606606,15.882318,
464.8335,17.193814,17.018943,16.643621,15.694136,
465.1151,17.137408,16.949908,16.731388,15.856617,
465.3967,17.074695,16.585362,16.926069,16.132624,
465.6782,17.037244,16.525256,17.019262,16.389549,
465.9598,16.676264,16.024127,16.549483,16.640349,
466.2414,16.644656,16.109873,16.462953,16.662047,
466.5229,16.681796,16.437258,16.519842,16.681796,
466.8045,16.661864,16.448728,16.556886,16.584956,
467.0860,16.707695,16.463223,16.691113,16.691113,
467.3676,16.692944,16.571974,16.692944,16.641332,
467.6492,16.791043,17.111466,16.816929,16.702657,
467.9307,16.838462,17.478374,17.025487,16.770675,
468.2123,16.323038,17.11468,16.698001,16.546929,
468.4938,16.505911,17.005144,16.833844,16.552211,
468.7754,16.902738,16.895311,16.927344,16.588672,
469.0570,16.942515,16.796294,16.780087,16.567515,
469.3385,16.911205,16.728659,16.224092,16.352137,
469.6201,16.774489,16.745102,16.309465,16.286148,
469.9017,16.591567,16.723594,16.34375,16.28125,
470.1832,16.641867,16.665839,15.999826,16.46644,
470.4648,17.080291,16.86827,16.759079,16.155467,
470.7463,16.996973,16.932796,17.065527,16.199935,
471.0279,16.729472,16.777981,17.173509,16.484615,
471.3095,16.660876,16.563635,17.001135,16.53125,
471.5910,16.789537,16.371306,16.808806,16.371306,
471.8726,16.972628,16.423814,16.541058,16.34375,
472.1541,17.053431,16.410785,16.660292,16.103312,
472.4357,16.848584,16.326031,16.981635,15.928802,
472.7173,16.732219,16.794188,16.977729,16.254136,
472.9988,16.986531,16.821444,17.022306,16.232166,
473.2804,17.084835,16.892878,16.897287,16.245543,
473.5620,17.120554,16.852642,16.74098,16.410824,
473.8435,16.883691,16.924186,16.504253,16.946929,
474.1251,16.816933,16.830232,16.495567,17.058067,
474.4066,16.892956,16.624769,16.71455,16.687037,
474.6882,16.959885,16.540115,16.991356,16.22274,
474.9698,17.26369,16.745752,17.084875,16.317126,
475.2513,17.09806,16.56681,17.04014,16.477775,
475.5329,16.928529,16.477662,16.950868,16.473206,
475.8144,16.82591,16.41519,17.01784,16.41519,
476.0960,16.866026,16.325961,17.138302,16.272436,
476.3776,16.76803,16.365985,17.209735,16.223257,
476.6591,16.509528,16.428438,17.272188,16.165312,
476.9407,16.415365,16.410807,17.28125,16.236328,
477.2223,16.672879,16.166284,16.854643,16.596618,
477.5038,16.74538,16.07174,16.80788,16.68288,
477.7854,16.829783,16.142283,16.759311,16.6875,
478.0669,16.737529,16.209361,16.803111,16.607834,
478.3485,16.612697,16.404343,16.467828,16.51421,
478.6301,16.487878,16.622777,16.538591,16.605872,
478.9116,16.44233,16.78835,16.45682,16.57216,
479.1932,16.384763,16.838869,16.622081,16.483394,
479.4747,16.690772,16.580607,16.919393,16.547693,
479.7563,17.170111,16.452479,17.047521,16.641271,
480.0379,17.407179,16.385107,17.167286,16.630053,
480.3194,17.150036,16.401133,17.030702,16.598867,
480.6010,16.937351,16.562649,16.556868,16.67195,
480.8826,16.932247,16.619747,16.416756,16.531518,
481.1641,16.911575,16.754623,16.743269,16.448151,
481.4457,16.699458,16.884646,17.045141,16.463349,
481.7272,16.888184,16.90625,16.964898,16.674913,
482.0088,16.963189,16.829183,17.014567,16.667372,
482.2904,16.78952,16.8125,16.877624,16.323394,
482.5719,16.698967,16.863533,16.792717,16.045866,
482.8535,16.662074,16.875,16.832102,16.025426,
483.1350,16.65625,16.799002,16.970414,16.107248,
483.4166,16.681486,16.856959,17.075709,16.276418,
483.6982,16.737774,16.950411,17.169161,16.438184,
483.9797,16.349449,16.51813,17.137431,16.093233,
484.2613,16.623937,16.555825,17.199787,16.124646,
484.5428,16.867675,16.717854,17.193929,16.255534,
484.8244,16.659153,16.799419,17.113371,16.182411,
485.1060,16.765919,16.689522,17.019963,16.37761,
485.3875,16.910414,16.705207,16.951043,16.4375,
485.6691,17.034934,16.962335,16.742632,16.534934,
485.9507,16.844379,17.152428,16.784443,16.756385,
486.2322,17.239338,17.23572,16.76428,16.78839,
486.5138,17.231113,17.226019,16.75,16.541438,
486.7953,16.925154,16.932554,16.75,16.349502,
487.0769,16.701459,16.820035,16.607709,16.35993,
487.3585,16.514783,16.647455,16.373877,16.375,
487.6400,16.585938,16.59375,16.359375,16.421875,
487.9216,16.578411,16.453982,16.444884,16.390911,
488.2031,16.678243,16.452547,16.746534,16.398149,
488.4847,16.62675,16.997748,16.82075,16.590249,
488.7663,16.502357,17.301742,16.8125,16.473464,
489.0478,16.514138,17.321056,16.880582,16.428944,
489.3294,16.260811,17.177281,16.90625,16.4375,
489.6110,16.245756,17.035494,16.951003,16.638888,
489.8925,16.303464,16.933359,17.013177,16.829818,
490.1741,16.532978,17.016489,16.965107,16.897048,
490.4556,16.843792,17.193775,16.959379,16.928129,
490.7372,16.698713,16.815842,17.098997,16.872376,
491.0188,16.572216,16.754203,17.070115,16.779149,
491.3003,16.776068,17.068782,16.753611,16.493718,
491.5819,16.959708,17.166323,16.540292,16.375,
491.8634,17.125968,17.177245,16.458011,16.416989,
492.1450,17.041834,17.104262,16.666403,16.458309,
492.4266,17.009993,16.980015,16.863735,16.15943,
492.7081,16.990389,16.998792,17.049264,16,
492.9897,16.746142,17.051487,16.598836,16.303556,
493.2713,16.524796,17.042459,16.372622,16.508832,
493.5528,16.706852,16.971725,16.485617,16.53125,
493.8344,16.96159,16.99642,16.51161,16.53125,
494.1159,17.186735,16.953508,16.616614,16.589557,
494.3975,17.223565,16.925478,16.706728,16.625,
494.6791,17.111426,16.785351,16.98501,16.529907,
494.9606,16.893246,16.6875,17.193862,16.46875,
495.2422,16.78125,16.799044,17.311703,16.134118,
495.5237,17.111959,16.893373,17.283136,15.869505,
495.8053,17.507118,16.99701,17.03723,15.880054,
496.0869,17.463642,17.044571,16.852464,15.960036,
496.3684,17.184426,16.871926,16.936419,16.106216,
496.6500,17.114922,16.715052,16.908932,16.135078,
496.9316,17.139007,16.773713,16.691802,16.128235,
497.2131,16.903888,16.877767,16.491698,16.15625,
497.4947,16.836154,16.956566,16.674602,15.90467,
497.7762,16.954033,16.884271,16.856652,15.836294,
498.0578,16.854715,16.716087,16.796209,16.050204,
498.3394,16.814185,16.768573,16.749158,16.157092,
498.6209,16.922397,17.03299,16.687152,16.061108,
498.9025,17.030947,17.156402,16.687348,15.921951,
499.1840,17.09375,16.895549,16.642266,15.982734,
499.4656,17.108792,16.535916,16.607625,16.15275,
499.7472,16.844102,16.494955,16.582329,16.634387,
500.0287,16.618393,16.66637,16.543572,17.033452,
500.3103,16.804317,16.764261,16.779144,17.042783,
500.5919,16.962233,16.767254,17.069979,17.051763,
500.8734,16.866517,16.75,17.018972,17.041183,
501.1550,16.65625,16.75,16.816836,16.999549,
501.4365,16.563961,16.829105,16.78125,16.848632,
501.7181,16.385866,16.9375,16.665073,16.773774,
501.9997,16.628258,16.975391,16.5,16.807162,
502.2812,17.069051,17.006551,16.524699,16.851053,
502.5628,17.007117,16.920485,16.610765,16.71875,
502.8443,16.95697,16.796628,16.605037,16.73053,
503.1259,16.994961,16.730242,16.503226,16.738508,
503.4075,17.138555,16.783604,16.618507,16.763555,
503.6890,17.186026,16.909198,16.762382,16.821934,
503.9706,17.061328,17.052474,16.886198,16.738802,
504.2521,17.071578,17.09375,16.896554,16.542799,
504.5337,17.27366,17.133801,16.770026,16.342539,
504.8153,17.154128,17.21875,16.841628,16.445088,
505.0968,17.209346,17.275172,16.925057,16.53125,
505.3784,17.196595,17.369869,16.977845,16.422106,
505.6600,17.236319,17.237327,16.956077,16.191388,
505.9415,17.221951,17.031816,16.801393,16.255836,
506.2231,17.029878,16.724161,16.654878,16.211967,
506.5046,16.921825,16.601687,16.664387,16.3126,
506.7862,16.784798,16.673649,16.878548,16.436317,
507.0678,16.478419,16.524056,16.622525,16.62477,
507.3493,16.44746,16.5,16.794302,16.903158,
507.6309,16.711478,16.519621,17.095202,16.735467,
507.9124,17.13762,16.655851,17.162859,16.531449,
508.1940,17.033113,16.953269,16.9375,16.394495,
508.4756,16.845286,17.167334,17.015091,16.360377,
508.7571,16.661389,17.156294,17.192837,16.458319,
509.0387,17.151385,16.848615,16.276385,16.557635,
509.3203,17.111433,16.902134,16.281657,16.467937,
509.6018,17.039605,17.054145,16.472928,16.097928,
509.8834,17.09375,16.984678,16.503831,16.147983,
510.1649,17.097231,16.857595,16.541693,16.315981,
510.4465,17.140646,16.715621,16.606225,16.365655,
510.7281,17.289575,16.695825,16.429175,16.55695,
511.0096,17.34356,16.752229,16.411467,16.502418,
511.2912,16.954333,16.410369,17.212571,16.53125,
511.5727,16.73981,16.477241,17.104621,16.536345,
511.8543,16.569173,16.630339,16.75,16.634343,
512.1359,16.7265,16.751938,16.743219,16.847625,
512.4174,16.969351,16.8125,16.534853,16.970552,
512.6990,16.99954,16.8125,16.71967,17.06089,
512.9806,16.937786,16.8125,16.843178,16.844751,
513.2621,16.59945,16.566645,16.690091,16.751554,
513.5437,16.836585,16.926752,17.082106,16.507165,
513.8252,17.053572,16.877551,16.883928,16.709822,
514.1068,17.18087,17.170924,16.667853,16.60038,
514.3884,17.129084,17.099876,16.685458,16.418502,
514.6699,16.894429,16.603787,16.831607,16.608,
514.9515,16.76127,16.590932,16.95748,16.824027,
515.2330,16.97433,16.761997,16.688338,16.675503,
515.5146,17.027648,17.057728,16.65625,16.130942,
515.7962,16.676973,16.793977,16.710754,16.85281,
516.0777,16.732416,16.588875,16.71875,16.834479,
516.3593,16.908723,16.483138,16.612934,16.574415,
516.6409,17.067757,16.520853,16.645853,16.427044,
516.9224,17.145044,16.762071,16.912718,16.48319,
517.2040,17.18149,16.91346,16.96875,16.651439,
517.4855,16.988854,16.987162,16.96875,16.563346,
517.7671,16.839822,16.951161,16.748975,16.433572,
518.0487,16.788494,16.889488,17.047589,16.502274,
518.3302,16.875611,17.063722,17.13266,16.436889,
518.6118,16.790389,17.101828,17.078655,16.452595,
518.8933,16.841009,17.025493,16.994243,16.537007,
519.1749,16.875,16.553402,16.745451,16.763469,
519.4565,16.896905,16.265473,16.634345,16.821845,
519.7380,16.863292,16.283186,16.625,16.597712,
520.0196,16.6543,16.50195,16.6671,16.3316,
520.3012,16.418167,16.758702,16.563786,16.332476,
520.5827,16.363936,16.84375,16.399071,16.274071,
520.8643,16.434252,16.823999,16.284498,16.258251,
521.1458,16.41081,16.677307,16.385193,16.397129,
521.4274,16.827968,16.537129,16.789602,16.600866,
521.7090,17.198728,16.702752,17.073728,16.650636,
521.9905,17.321953,17.005644,16.963106,16.553047,
522.2721,17.339915,17.370592,16.720954,16.587711,
522.5536,17.586008,17.083861,16.86432,16.604967,
522.8352,17.629415,16.737432,16.945991,16.529212,
523.1168,17.274447,16.910785,16.859942,16.370465,
523.3983,17.015062,16.921087,16.796312,16.328688,
523.6799,16.906938,16.720813,16.734031,16.497937,
523.9615,17.008404,16.639823,16.779645,16.564105,
524.2430,17.184974,16.756784,16.826862,16.53125,
524.5246,17.274348,17.069592,16.857649,16.433954,
524.8061,16.819797,17.097545,17.036216,16.258761,
525.0877,16.345455,16.851404,17.159225,16.433891,
525.3693,16.906232,16.893751,16.89376,16.943738,
525.6508,17.377476,16.850944,16.651415,17.139387,
525.9324,17.508139,16.789389,16.709303,17.004724,
526.2139,17.357947,16.76108,16.939491,16.795447,
526.4955,17.135043,16.90849,17.053017,16.62556,
526.7771,17.09375,17.196747,17.136001,16.798868,
527.0586,16.9491,17.175174,16.97803,16.905887,
527.3402,16.661641,16.919179,16.71875,16.744083,
527.6217,16.784701,17.005128,16.7014,17.0486,
527.9033,16.883188,17.294621,16.65625,16.979116,
528.1849,16.929347,17.110055,16.648551,16.610055,
528.4664,17.021624,16.96875,16.639416,16.569663,
528.7480,17.073605,16.975465,16.6875,16.899535,
529.0296,17.01866,17.00622,16.6875,16.85634,
529.3111,17.01935,16.928235,16.750454,16.775527,
529.5927,16.771086,16.494871,17.005129,16.755224,
529.8742,17.17333,16.658062,16.88917,16.790696,
530.1558,17.051547,16.84375,16.956089,16.826869,
530.4374,16.770103,16.825172,16.863853,16.689026,
530.7189,16.722796,16.693918,16.784459,16.46875,
531.0005,17.04205,16.7554,16.8233,16.48765,
531.2820,17.136545,16.814689,16.941879,16.694068,
531.5636,16.895122,16.84375,16.991616,16.776219,
531.8452,17.241863,16.834451,16.856536,16.6875,
532.1267,17.028666,16.589874,17.188146,16.6875,
532.4083,16.905356,16.408165,17.217473,16.687628,
532.6899,16.690248,16.869112,16.910175,16.718357,
532.9714,16.6875,16.905335,16.784909,16.749085,
533.2530,16.747123,16.846627,16.423515,16.809623,
533.5345,16.837856,16.755894,16.230538,16.783215,
533.8161,16.901265,17.296394,16.44881,16.810008,
534.0977,16.144097,16.299318,17.033308,16.981867,
534.3792,16.339463,16.353678,16.955268,16.833822,
534.6608,16.619466,16.510815,17.181966,16.703848,
534.9423,16.496484,16.53125,17.058984,16.554362,
535.2239,16.207845,16.739974,16.796435,16.505159,
535.5055,15.951838,16.806802,16.673345,16.321139,
535.7870,16.131347,16.787489,17.106443,16.381293,
536.0686,16.578989,16.830186,17.316622,16.40625,
536.3502,16.831042,16.652361,17.176285,16.238785,
536.6317,16.851623,16.500241,17.101623,16.514782,
536.9133,16.935067,16.514408,17.048092,16.761975,
537.1948,16.96875,16.553529,16.986692,16.745662,
537.4764,16.903568,16.714592,16.88184,16.479748,
537.7580,16.790304,16.696554,16.94962,16.353826,
538.0395,16.832474,16.51192,17,16.426224,
538.3211,16.774693,16.277008,17.180553,16.669365,
538.6026,16.87477,16.714069,16.715676,16.215676,
538.8842,16.855099,16.993366,16.242407,16.102302,
539.1658,16.560698,17.023888,16.284906,16.415414,
539.4473,16.424065,17.080315,16.642227,16.602511,
539.7289,16.730735,16.835013,16.964494,16.639001,
540.0105,17.068838,16.675044,16.845642,16.541593,
540.2920,17.140138,16.589855,16.672362,16.581533,
540.5736,17.000675,16.422128,16.842906,16.671959,
540.8551,16.785194,16.285194,16.880259,16.65625,
541.1367,16.629929,16.230679,16.879536,16.728214,
541.4183,16.493418,16.377965,17.017434,16.715785,
541.6998,16.366535,16.539715,16.986762,16.554035,
541.9814,16.287183,16.606408,16.867484,16.42405,
542.2629,16.262077,16.625,16.730827,16.300423,
542.5445,16.28125,16.579027,16.71552,16.28125,
542.8261,16.335792,16.521817,16.688975,16.292158,
543.1076,16.37557,16.851505,16.564211,16.353786,
543.3892,16.288933,17.418034,16.1875,16.398567,
543.6708,16.393286,17.320141,16.214929,16.266784,
543.9523,16.454603,17.136192,16.341109,16.224661,
544.2339,16.53979,17.007958,16.563663,16.461955,
544.5154,16.663613,17.03125,16.757363,16.669177,
544.7970,16.72133,17.010952,16.767718,16.751606,
545.0786,16.837582,16.956003,16.712582,16.463407,
545.3601,16.762392,16.9199,16.6875,16.215338,
545.6417,16.49649,16.44101,16.707363,16.328853,
545.9232,16.290688,16.646812,16.8125,16.263087,
546.2048,16.205096,16.792522,16.801228,16.362537,
546.4864,16.597159,16.868698,16.702996,16.5,
546.7679,16.880825,16.809957,16.567585,16.51017,
547.0495,16.599548,16.794779,16.609539,16.617269,
547.3310,16.707318,17.007927,16.381606,16.5,
547.6126,17.158374,17.1875,16.539039,16.494335,
547.8942,17.249159,17.18694,16.875,16.250187,
548.1757,16.973456,17.003137,16.875,16.311454,
548.4573,16.697767,17.060218,16.965328,16.402828,
548.7389,16.540052,16.974031,16.99824,16.40625,
549.0204,16.560119,16.96875,16.855657,16.348513,
549.3020,16.760222,17.10998,16.759012,16.400242,
549.5835,17.140333,17.373596,16.888109,16.489115,
549.8651,17.430464,17.54123,16.90625,16.553992,
550.1467,17.178695,17.325182,17.117199,16.483394,
550.4282,17.227959,17.22977,17.15625,16.623189,
550.7098,17.25,17.017875,17.332016,16.681359,
550.9913,17.054181,16.944273,17.399477,16.418249,
551.2729,16.761561,17.080563,17.477782,16.272218,
551.5545,16.710709,17.217836,17.430373,16.157164,
551.8360,16.71875,17.295145,17.293388,16.328151,
552.1176,17.047764,17.224763,17.030657,16.581724,
552.3992,16.825491,16.974553,16.852321,16.123883,
552.6807,16.491021,16.895654,16.750539,15.813039,
552.9623,16.386239,16.986294,16.778783,15.861294,
553.2438,16.510568,17.089351,17.219205,15.886883,
553.5254,16.724799,17.181164,17.450029,15.931164,
553.8070,16.920946,17.182601,17.238683,15.896453,
554.0885,16.930297,17.295656,16.797513,15.774047,
554.3701,16.740794,17.389474,16.730257,15.618096,
554.6516,16.915236,17.100888,16.746006,16.014977,
554.9332,17.06373,16.735451,16.795184,16.283095,
555.2148,16.863416,16.476831,16.983567,16.09375,
555.4963,16.752928,16.369144,16.915034,16.23536,
555.7779,16.691743,16.599545,16.866515,16.608806,
556.0595,16.68194,16.902415,17.078795,17.00345,
556.3410,16.767489,17.104359,17.25688,17.029098,
556.6226,16.80918,17.195704,17.138088,16.712111,
556.9041,16.815161,17.101949,17.065161,16.398268,
557.1857,17.08024,16.979609,17.146717,16.072033,
557.4673,17.317821,16.91844,16.967202,16.194369,
557.7488,17.090012,16.919313,16.776588,16.298975,
558.0304,16.729036,16.957505,16.909301,16.360138,
558.3119,16.458916,16.75,17.078702,16.398726,
558.5935,16.652409,16.722591,16.94217,16.375,
558.8751,16.743821,16.587923,16.600282,16.381179,
559.1566,16.663698,16.525583,16.455958,16.483323,
559.4382,16.425568,16.898863,16.322444,16.776136,
559.7198,16.568623,16.699958,16.756123,16.373029,
560.0013,16.833345,16.763879,17.013897,16.15625,
560.2829,17.03074,16.650151,17.108233,16.159045,
560.5644,17.354317,16.914704,16.924819,16.208635,
560.8460,17.5,17.032681,16.751431,16.492845,
561.1276,17.500747,17.063247,16.785734,16.340014,
561.4091,17.531561,17.093688,16.969123,16.186505,
561.6907,17.684379,17.063124,17.152504,15.697488,
561.9722,17.717438,16.793058,16.707181,15.747376,
562.2538,17.98199,16.547259,16.512007,15.983991,
562.5354,17.828649,16.53125,16.728467,16.142792,
562.8169,17.589567,16.809917,17.112267,16.518517,
563.0985,17.317937,17.197007,17.264945,16.616847,
563.3801,16.804623,17.461834,16.672226,16.519083,
563.6616,16.667183,17.474216,16.149961,16.396865,
563.9432,17.082725,18.045745,16.564235,16.726214,
564.2247,17.1875,18.138723,16.809443,16.519838,
564.5063,17.282256,17.86442,17.175397,16.461189,
564.7879,17.427441,17.528379,17.41918,16.60668,
565.0694,17.335032,17.125492,17.045311,16.567105,
565.3510,17.345999,16.913668,16.50809,16.337003,
565.6325,17.416757,17.000271,16.385507,16.312635,
565.9141,17.578708,17.203708,16.809702,16.585821,
566.1957,17.247473,17.008732,17.070181,17.108062,
566.4772,17.037515,17.106352,16.999964,17.193692,
566.7588,17.152739,17.44368,16.973596,16.895225,
567.0403,17.236087,17.510489,17.034674,16.697989,
567.3219,17.21675,17.269249,17.129,16.623,
567.6035,17.267059,17.030103,17.298883,16.721045,
567.8850,17.465329,16.983947,17.558224,16.78296,
568.1666,17.782014,17.130336,17.907014,16.733232,
568.4482,17.97247,17.019715,17.725815,17.039065,
568.7297,17.950547,16.635312,17.283985,17.210545,
569.0113,18.042717,16.611811,17.325689,16.777239,
569.2928,18.133035,16.733929,17.308037,16.508035,
569.5744,18.01755,16.932244,17.384478,16.621151,
569.8560,17.864837,17.308695,17.34375,16.946902,
570.1375,17.872067,17.776026,17.305994,17.012372,
570.4191,17.954928,18.194712,17.236178,16.960036,
570.7006,17.848233,18.159331,17.377103,17.033353,
570.9822,17.449812,17.487688,17.619948,17.363322,
571.2638,17.534964,17.317623,17.467341,17.544314,
571.5453,17.266083,17.21875,17.332146,17.547333,
571.8269,17.047286,17.228892,17.306606,17.30318,
572.1085,16.977428,17.298607,17.454857,17.098089,
572.3900,17.092554,17.427887,17.612986,17.153849,
572.6716,17.614194,17.605238,18.011488,17.409463,
572.9531,18.067313,17.65679,18.11859,17.709405,
573.2347,17.309252,16.830701,18.02985,17.15625,
573.5163,17.917513,17.227363,17.99735,17.163538,
573.7978,18.436206,17.62401,17.875305,17.499162,
574.0794,18.224462,17.898907,17.783698,17.804341,
574.3609,17.862432,17.935943,17.900023,17.90158,
574.6425,17.61214,17.966451,18.195762,17.732543,
574.9241,17.734791,17.940542,18.021293,17.549501,
575.2056,17.914784,17.882572,18,17.558714,
575.4872,18.071094,17.607812,17.706093,16.760935,
575.7688,18.041805,17.744308,17.630277,17.118479,
576.0503,17.980799,18.058728,17.448423,17.319651,
576.3319,18.017704,18.173954,17.675496,17.123458,
576.6134,18.339707,18.1875,17.726273,16.991318,
576.8950,18.644293,18.233454,17.741727,17.175543,
577.1766,18.674299,18.316676,17.816676,17.538931,
577.4581,18.742142,18.515534,17.994061,17.677723,
577.7397,18.491179,18.842383,17.793148,17.604622,
578.0212,18.38368,18.988715,17.855898,17.582465,
578.3028,18.348622,19.076837,18.122424,17.747424,
578.5844,18.570836,19.180358,18.329466,18.065181,
578.8659,18.838475,19.14797,18.317775,18.554954,
579.1475,19.024804,19.229241,18.351618,18.931054,
579.4291,18.963233,19.34375,18.372793,19.047427,
579.7106,18.766252,19.328334,18.327916,19.016252,
579.9922,18.748059,19.180609,18.548913,18.866168,
580.2737,18.822926,19.03125,18.767358,18.833352,
580.5553,18.993156,19.057507,18.75,19.108169,
580.8369,19.15625,19.291572,18.935458,19.356114,
581.1184,19.283832,19.52416,19.346332,19.154631,
581.4000,19.60832,19.287099,19.649156,18.813746,
581.6815,19.852758,19.022242,19.691725,18.875,
581.9631,20.039758,18.993277,19.36313,18.958666,
582.2447,20.264196,18.894773,19.426254,19.113615,
582.5262,20.19548,18.591518,20.008203,18.922433,
582.8078,20.097058,19.59412,19.697054,18.575731,
583.0894,20.080775,19.83114,19.175073,18.274488,
583.3709,20.498738,20.058583,19.146762,18.728369,
583.6525,21.012164,20.762584,19.352664,19.316747,
583.9340,21.472525,20.664033,20.015334,19.875,
584.2156,21.73433,20.818461,20.603007,19.865652,
584.4972,21.825874,21.639213,20.926642,19.783589,
584.7787,21.215626,20.676553,20.407812,19.831241,
585.0603,21.175834,21.078167,20.44455,20.211,
585.3418,21.937565,21.687589,20.718794,21.125101,
585.6234,22.425081,22.357924,21.053962,21.886845,
585.9050,22.76412,22.671927,21.38912,21.935943,
586.1865,22.839072,22.629678,21.984465,21.56166,
586.4681,22.562471,22.399977,22.17189,21.334354,
586.7496,22.585939,22.648443,22.351566,21.69532,
587.0312,23.417101,23.085896,22.34844,22.413993,
587.3128,23.665597,23.413993,22.498396,22.737445,
587.5943,23.787452,23.46875,22.731155,22.906191,
587.8759,23.788299,23.541353,23.265271,22.985902,
588.1575,24.202686,23.796631,23.710621,22.953174,
588.4390,25.022482,24.485859,24.01612,23.050622,
588.7206,25.521433,24.784255,24.09375,23.617787,
589.0021,25.4356,24.833544,24.177928,24.475085,
589.2837,25.52603,25.451349,24.806096,24.193904,
589.5653,26.033688,25.48933,24.891464,23.933384,
589.8468,26.505272,25.275163,24.581983,24.043424,
590.1284,26.6205,25.786249,24.6475,24.290375,
590.4099,26.815798,26.597434,25.396151,24.471661,
590.6915,27.504848,27.100354,26.508811,24.793138,
590.9731,28.092666,27.002168,27.217395,25.279353,
591.2546,28.262828,26.735307,27.345614,25.779163,
591.5362,28.479243,26.704855,27.187442,26.038169,
591.8178,28.648209,26.857761,27.568228,26.400952,
592.0993,28.544558,27.413499,28.37399,27.295153,
592.3809,28.767705,28.159212,28.330771,27.68101,
592.6624,29.420321,28.604448,27.783515,27.509011,
592.9440,29.430191,28.694275,27.256775,27.554697,
593.2256,28.875,28.980167,27.569951,28.011417,
593.5071,29.190087,29.561253,28.101418,28.426668,
593.7887,30.15236,30.25,28.453773,28.409136,
594.0702,30.317186,30.102949,28.439671,27.745314,
594.3518,29.810329,29.497829,28.568379,28.175742,
594.6334,29.53125,29.325296,28.563308,28.033675,
594.9149,29.586725,29.934742,28.487328,27.553965,
595.1965,29.975563,30.291738,29.107268,27.579586,
595.4781,30.27064,30.074602,29.96875,28.23997,
595.7596,30.135965,29.510965,29.928179,28.439244,
596.0412,29.8125,29.169904,29.278145,27.96047,
596.3227,29.810923,28.656701,29.186824,27.717624,
596.6043,29.597847,28.71758,29.095506,27.565426,
596.8859,29.444482,29.166555,28.944482,27.831183,
597.1674,29.350375,29.100375,28.530914,28.047043,
597.4490,29.146145,28.952603,28.07656,27.864895,
597.7305,28.521843,28.197262,27.784504,26.911598,
598.0121,27.639427,27.694713,27.75,26.275804,
598.2937,26.752147,27.444484,27.775788,26.1875,
598.5752,26.493858,27.381277,27.506548,26.836797,
598.8568,26.323806,27.036798,27.147613,26.29944,
599.1384,26.444636,26.564045,26.572341,25.930364,
599.4199,25.824281,25.941973,25.662959,25.739856,
599.7015,25.345436,25.51123,25.027698,25.535555,
599.9830,24.853124,25.009374,24.436347,24.800327,
600.2646,24.636181,24.551598,24.399375,24.187778,
600.5462,24.5865,24.079,24.44225,23.91575,
600.8277,23.862159,23.377389,23.927069,23.419859,
601.1093,23.551094,23.084078,23.558531,23.019343,
601.3908,23.620347,23.192153,23.514462,22.819982,
601.6724,22.92384,22.962603,23.260503,22.575052,
601.9540,22.161058,22.460338,22.773799,22.452644,
602.2355,21.914073,22.003931,22.127648,22.35418,
602.5171,22.05546,21.776996,21.647007,21.962292,
602.7987,22.298958,21.825174,21.530381,21.434894,
603.0802,21.820177,21.618617,21.591539,21.073306,
603.3618,21.185678,21.205904,21.612247,20.904428,
603.6433,21.06381,21.135198,20.973336,20.762164,
603.9249,20.853152,21.20311,20.493762,20.471914,
604.2065,20.587888,21.252683,20.40625,20.050776,
604.4880,20.313635,20.900801,20.221019,19.641192,
604.7696,20.02436,20.195368,19.67003,19.465549,
605.0511,19.975753,19.78125,19.773306,19.331626,
605.3327,19.848836,19.671359,19.942438,19.328346,
605.6143,19.709943,19.160228,19.665057,19.540482,
605.8958,19.691986,19.41431,19.725897,19.36694,
606.1774,19.96875,19.699547,19.764791,19.002149,
606.4590,19.945802,19.459841,19.574626,18.363526,
606.7405,19.571049,18.824292,19.269359,18.197229,
607.0221,18.937251,18.27826,18.936005,18.471241,
607.3036,18.906833,17.913249,18.753499,18.775418,
607.5852,19.294091,17.965918,18.809668,18.572412,
607.8668,19.602507,19.041774,18.986504,18.968509,
608.1483,19.399665,19.012332,18.521163,18.577497,
608.4299,18.96501,18.59001,17.976762,18.093927,
608.7114,18.853254,18.504752,17.50878,18.03125,
608.9930,19.049053,18.576989,17.565814,18.287879,
609.2746,19.143405,18.668232,17.59375,18.393405,
609.5561,18.868354,18.6875,17.833663,18.166337,
609.8377,18.68863,18.756965,18.045179,17.746427,
610.1192,18.589296,18.870522,18.584747,17.558046,
610.4008,18.455096,18.863289,18.587923,17.83198,
610.6824,18.488822,18.781821,18.541286,18.113251,
610.9639,18.41242,18.67078,18.52289,18.167695,
611.2455,18.097187,18.473269,18.651731,18.023485,
611.5271,17.86499,18.356873,18.75,17.9375,
611.8086,17.691483,18.291886,18.55983,18.075805,
612.0902,17.462163,18.25,18.258214,18.286191,
612.3717,17.71835,18.109525,18.296692,18.250133,
612.6533,18.034679,17.953982,18.394911,17.992089,
612.9349,17.885188,17.867865,18.228938,17.620918,
613.2164,17.768164,17.755079,18.085743,17.383007,
613.4980,17.884686,17.804459,18.141447,17.633406,
613.7795,18.036739,17.914696,18.380913,18.04012,
614.0611,17.895261,17.991159,18.595039,18.165951,
614.3427,17.657025,18.257619,18.761816,17.99448,
614.6242,17.507732,18.299379,18.505769,17.817127,
614.9058,17.959846,18.211593,17.912534,17.741969,
615.1874,17.815001,18.266876,17.778749,17.797809,
615.4689,17.693378,18.168005,17.932088,18.075186,
615.7505,17.500271,17.902765,18.189243,18.064513,
616.0320,17.057846,17.589096,18.283247,17.744017,
616.3136,17.088387,17.589164,17.9375,17.474113,
616.5952,17.5,17.81978,17.958247,17.032862,
616.8767,17.569902,18.181145,18.103294,16.773301,
617.1583,18.529978,18.068303,17.394085,17.100112,
617.4398,18.497869,17.467898,17.845028,17.251278,
617.7214,18.345852,17.407091,17.936239,17.342489,
618.0030,17.983955,17.766045,17.72762,17.55363,
618.2845,17.764799,18.13088,17.456527,17.533364,
618.5661,17.919731,18.043096,17.522366,17.616116,
618.8477,18.074705,18.058691,17.503809,17.432913,
619.1292,18.386274,18.195465,17.180883,17.166912,
619.4108,17.330467,18.11577,16.687336,17.099255,
619.6923,17.143543,18.367612,16.51906,16.969267,
619.9739,17.300538,18.269164,17.341679,16.721068,
620.2555,17.552542,17.870763,18.011334,16.841843,
620.5370,17.91555,17.63825,18.24565,16.90625,
620.8186,18.074251,17.808757,18.044743,16.970752,
621.1001,17.887239,17.988854,17.896198,16.793489,
621.3817,17.662442,17.872839,18.112616,16.509288,
621.6633,17.821166,18.160277,18.268951,16.917936,
621.9448,17.751536,18.207138,18.064036,17.213798,
622.2264,17.403992,17.907244,17.785495,17.170249,
622.5080,17.102399,17.73205,17.490699,17.07425,
622.7895,16.999849,17.749697,17.265852,16.937803,
623.0711,17.03125,17.739009,17.395129,17.021983,
623.3526,16.989709,17.559321,17.773762,17.409053,
623.6342,16.963491,17.333534,18.155948,17.830453,
623.9158,17.121441,17.442527,17.949955,17.666926,
624.1973,17.335085,17.821165,17.145741,17.014703,
624.4789,17.489846,17.760369,16.833166,16.687071,
624.7604,17.805046,17.670808,16.783385,16.254969,
625.0420,18.113571,17.5625,17.122308,16.168681,
625.3236,18.351063,17.538848,17.461152,16.328553,
625.6051,18.131249,17.391405,17.453905,16.574221,
625.8867,17.88807,17.087928,17.181321,16.98693,
626.1683,17.730108,16.921522,17.097664,17.176848,
626.4498,17.924081,16.870588,16.821446,17.129473,
626.7314,17.84013,17.01677,16.8931,17.16711,
627.0129,17.787598,16.920084,17.047851,17.263834,
627.2945,17.519769,17.064414,17.237886,17.408164,
627.5761,17.337389,17.09163,17.527009,17.429018,
627.8576,17.15563,17.030216,17.40501,17.186466,
628.1392,17.064441,16.878234,17.222631,17.034484,
628.4207,16.884003,16.696503,17.129502,17.03125,
628.7023,16.730522,17.236517,17.58733,16.915667,
628.9839,16.606583,16.916707,17.456749,16.90625,
629.2654,16.947192,16.630309,17.111246,17.069377,
629.5470,16.973666,16.59375,17.088834,17.172752,
629.8285,16.99423,16.746629,16.991831,17.085581,
630.1101,17.123128,17.052132,16.944124,17.087126,
630.3917,17.370193,17.172543,16.747329,16.903579,
630.6732,17.460417,17.1875,16.435411,16.820833,
630.9548,17.181933,16.87862,16.829133,17.099317,
631.2364,17.020083,16.813625,16.967625,17.367209,
631.5179,16.938938,16.884458,16.957854,17.213605,
631.7995,17.003748,16.769752,17.007749,16.840254,
632.0810,16.969274,16.407821,17.161767,16.575629,
632.3626,16.924041,16.21875,17.356745,16.642326,
632.6442,16.835882,16.337304,17.488309,16.733064,
632.9257,16.701755,16.646563,17.547332,16.509687,
633.2073,16.641023,16.721932,17.303636,16.358182,
633.4888,16.725609,16.521886,17.045623,16.506859,
633.7704,16.897823,16.532128,16.954354,16.570927,
634.0520,16.905431,16.65625,16.825164,16.462009,
634.3335,16.753454,16.632631,16.749276,16.370822,
634.6151,16.590521,16.626614,16.670434,16.257726,
634.8967,16.428349,16.788504,16.8024,16.105748,
635.1782,16.380734,17.073967,16.78125,16.055476,
635.4598,16.73728,17.006645,16.56307,16.246241,
635.7413,17.483824,16.328676,16.074271,16.436399,
636.0229,17.537933,16.361445,16.506494,16.48447,
636.3045,17.579986,16.708708,16.898315,16.289185,
636.5860,17.676148,16.987244,17.009949,16.132781,
636.8676,17.78537,17.237639,17.025417,15.84375,
637.1491,17.766773,17.097458,16.78125,15.886211,
637.4307,17.367763,16.564803,16.774013,16.262061,
637.7123,17.327999,16.260824,16.710874,16.387551,
637.9938,18.210297,17.058978,17.154137,16.032659,
638.2754,17.845542,16.906997,17.062948,16.093451,
638.5570,17.359798,16.845756,16.881018,16.365973,
638.8385,17.108603,16.814357,16.639853,16.580754,
639.1201,16.665651,16.6698,16.4823,17.136009,
639.4016,16.458881,16.628563,16.634869,17.076754,
639.6832,16.732666,16.625,17.166082,16.9015,
639.9648,17.170952,16.67696,17.27598,16.563238,
640.2463,17.652034,16.989025,17.230996,16.751271,
640.5279,17.361613,16.916855,17.340121,16.52121,
640.8094,17.015786,17.085793,17.421843,16.367236,
641.0910,16.869794,17.020837,17.392362,16.230906,
641.3726,17.01748,17.120764,17.20127,16.426379,
641.6541,17.427573,16.978861,16.999816,16.593842,
641.9357,17.833891,17.035094,16.957512,16.685035,
642.2173,17.930431,17.163319,16.96875,16.661271,
642.4988,17.649941,17.333962,16.858903,16.881309,
642.7804,17.46875,17.35022,16.903443,16.905395,
643.0619,17.518564,16.982368,17.099627,16.581995,
643.3435,17.578253,16.639984,17.250513,16.390497,
643.6251,17.608652,16.458186,17.252892,16.345196,
643.9066,17.540694,16.428056,17.131296,16.340602,
644.1882,17.4243,16.610451,16.996499,16.282599,
644.4697,17.319803,16.817547,16.856852,16.180949,
644.7513,16.980515,16.991748,16.631761,16.517729,
645.0329,16.742139,16.967356,16.375,16.81827,
645.3144,17.184328,16.833951,16.423995,16.386652,
645.5960,17.647301,16.857246,16.53125,16.477989,
645.8776,17.519704,16.944451,16.612247,16.942095,
646.1591,17.175248,16.845999,16.814749,17.232746,
646.4407,16.973638,16.762803,16.705947,16.853527,
646.7222,16.761105,16.801395,16.639593,16.400698,
647.0038,16.868946,16.726481,16.576612,16.440854,
647.2854,17.172078,16.624594,16.714082,16.8125,
647.5669,17.032426,16.867809,17.143044,16.782426,
647.8485,16.730564,17.098069,17.282266,16.49784,
648.1300,16.470062,17.148378,16.869752,16.476622,
648.4116,16.503717,16.968285,16.755111,16.658573,
648.6932,16.746941,16.937882,17.089544,16.810588,
648.9747,17.020188,16.9375,17.123771,17.022646,
649.2563,17.322994,16.995849,16.774907,17.264645,
649.5378,16.975483,16.801702,17.089939,16.79967,
649.8194,16.964982,16.89118,17.042553,16.75,
650.1010,17.128571,16.879613,16.977976,16.803274,
650.3825,17.310999,16.875,16.788209,16.967249,
650.6641,16.944605,16.899947,16.874733,17.07484,
650.9457,16.626833,16.858046,17.050862,16.925037,
651.2272,16.864849,16.518144,16.954204,16.688939,
651.5088,17.372195,16.294182,16.995904,16.647414,
651.7903,16.948862,16.444129,16.90183,16.78567,
652.0719,16.832586,16.634883,16.78157,16.698664,
652.3535,17.045435,16.767034,16.690349,16.326746,
652.6350,17.067877,16.8125,16.561045,16.251455,
652.9166,16.976654,16.739705,16.518199,16.58548,
653.1981,16.954857,16.618073,16.618034,16.937461,
653.4797,17.150417,16.661591,16.819621,16.814773,
653.7613,17.563283,16.859718,17.031544,16.452684,
654.0428,17.471339,17.16158,16.976669,16.268001,
654.3244,17.023787,17.291044,17.02239,16.120801,
654.6060,16.805974,16.990211,17.254945,15.960542,
654.8875,16.649626,16.694124,17.181811,15.980127,
655.1691,16.813709,16.702144,17.113526,16.185539,
655.4506,17.137597,16.930136,17.136289,16.407558,
655.7322,17.284973,17.238342,17.169769,16.570435,
656.0138,17.102501,17.299166,16.928129,16.620418,
656.2953,17.033713,17.213823,16.707436,16.52313,
656.5769,17.167768,16.756352,16.987551,16.492717,
656.8584,17.006446,16.417179,16.785733,16.500982,
657.1400,17.092959,16.258019,16.59055,16.61378,
657.4216,17.379774,16.490013,16.752168,16.567274,
657.7031,17.370804,16.80488,16.96113,16.597688,
657.9847,17.103277,16.962543,17.093967,16.59707,
658.2663,16.917593,16.892638,16.780739,16.350556,
658.5478,17.026638,16.735964,16.393648,16.45041,
658.8294,16.28125,17.094351,16.782451,16.715746,
659.1109,16.28125,17.124767,16.843285,16.563663,
659.3925,16.583097,17.064631,16.813565,16.592685,
659.6741,16.681807,17.150557,16.665738,16.358931,
659.9556,16.830103,17.241812,16.684771,16.429312,
660.2372,16.816061,17.360757,16.881325,16.299054,
660.5187,16.866217,17.455575,17.094259,16.549834,
660.8003,16.718832,17.520806,17.281168,16.489638,
661.0819,16.737896,17.052485,16.858933,16.46875,
661.3634,16.993688,17.108082,16.579418,16.517488,
661.6450,17.10958,17.13271,16.41355,16.62541,
661.9266,16.875172,17.056865,16.420423,16.588115,
662.2081,16.825018,16.878063,16.546919,16.628152,
662.4897,17.012203,16.93884,16.804316,16.59308,
662.7712,17.05329,17.182069,16.724181,16.62319,
663.0528,16.837214,17.417075,16.450367,16.733865,
663.3344,16.755906,17.016973,16.62242,16.298223,
663.6159,16.870014,16.651994,16.93677,16.146279,
663.8975,16.954428,16.625,17.082035,16.230465,
664.1790,17.049271,16.576687,17.221626,16.380752,
664.4606,17.109719,16.485407,17.281938,16.318006,
664.7422,17.137124,16.495332,17.206626,16.076958,
665.0237,17.228407,16.685221,17.047165,16.134657,
665.3053,17.319692,16.856564,16.867808,16.200314,
665.5869,17.386993,16.839022,16.680579,16.1348,
665.8684,17.249838,16.792422,16.546956,16.078206,
666.1500,16.885932,16.8125,16.656443,16.260159,
666.4315,16.671085,16.774368,16.565151,16.34375,
666.7131,16.553786,16.661357,16.60457,16.326322,
666.9947,16.562834,16.609542,16.946064,16.257562,
667.2762,16.649171,16.663329,17.113779,16.251207,
667.5578,16.593692,16.743854,16.843518,16.50632,
667.8393,16.572211,17.044984,16.398203,16.558235,
668.1209,17.090278,17.392361,16.65162,16.09375,
668.4025,17.257629,17.316315,16.693663,16.120452,
668.6840,17.297499,17.352751,17.208502,16.3185,
668.9656,17.127825,17.44406,17.401877,16.405611,
669.2471,16.74588,17.52713,17.336883,16.809753,
669.5287,16.656811,17.435256,17.184134,16.752805,
669.8103,16.687249,17.313503,17.001505,16.904996,
670.0918,16.808253,17.010619,16.698119,16.845874,
670.3734,16.900633,16.970622,17.216299,16.638106,
670.6550,16.963386,17.311566,17.221432,16.653568,
670.9365,17.079786,17.34375,16.996679,16.545214,
671.2181,17.201552,17.101195,16.914849,16.423448,
671.4996,17.323322,16.905643,16.853964,16.301678,
671.7812,17.318414,17.103023,16.919758,16.331922,
672.0628,17.189852,17.082661,17.035619,16.392809,
672.3443,17.108802,16.94388,17.109948,16.596043,
672.6259,17.345861,17.089604,17.056242,17.022957,
672.9074,17.34904,17.11202,17.186056,17.11202,
673.1890,17.205942,17.008503,17.164753,17.029815,
673.4706,17.176759,16.784169,17.104491,16.815419,
673.7521,17.148086,16.766328,16.837559,16.620215,
674.0337,17.125,16.888123,16.630783,16.467971,
674.3153,16.762893,17.082343,16.684277,16.442461,
674.5968,16.482694,17.274028,16.871139,16.486056,
674.8784,16.51827,17.261217,16.91923,16.35144,
675.1599,16.515375,17.203208,17.000668,16.658587,
675.4415,16.438928,17.174017,17.289021,16.94464,
675.7231,16.392136,17.026199,17.454636,16.668335,
676.0046,16.428274,16.786384,17.330952,16.744346,
676.2862,16.525047,16.650047,17.087313,16.893493,
676.5677,16.539042,16.746145,17.043061,16.546751,
676.8493,16.510936,16.953105,17.284363,16.574953,
677.1309,16.825391,16.953394,16.97011,16.717645,
677.4124,17.381395,16.503197,16.0625,16.037403,
677.6940,17.147283,16.44606,16.096739,16.184918,
677.9756,16.812845,16.476519,16.241886,16.367058,
678.2571,16.63198,16.555839,16.43417,16.45146,
678.5387,16.699589,16.793339,16.562206,16.493809,
678.8202,16.918227,17.044398,16.725324,16.506574,
679.1018,17.152698,17.433948,16.869319,16.692116,
679.3834,17.266538,17.486504,16.717533,16.737901,
679.6649,16.9375,16.727885,17.144071,16.853686,
679.9465,16.944281,16.839625,17.03351,16.635906,
680.2280,17.032727,17.190454,17.053639,16.363186,
680.5096,17.061806,17.238896,16.872224,16.132634,
680.7912,17.031338,16.751407,16.750352,16.467783,
681.0727,16.940107,16.47657,16.871524,16.651036,
681.3543,16.848697,16.409548,16.904601,16.863457,
681.6359,16.901393,16.290963,16.992715,16.990287,
681.9174,16.681904,16.673856,16.74761,17.08413,
682.1990,16.874377,16.636953,16.636953,16.821092,
682.4805,17.038696,16.413086,16.625,16.542847,
682.7621,17.165354,16.323573,16.676427,16.474286,
683.0437,17.037867,16.262622,16.961827,16.593444,
683.3252,16.95167,16.491649,16.88626,16.697495,
683.6068,17.05446,16.773028,16.633222,16.765534,
683.8883,17.13899,17.02471,16.38154,16.532431,
684.1699,17.025157,16.962657,16.596535,16.787082,
684.4515,16.96875,16.969486,16.760907,16.832107,
684.7330,17.090607,16.979691,16.821869,16.720322,
685.0146,17.234415,17.085997,16.824209,16.746124,
685.2962,16.980868,17.175024,16.662309,16.800024,
685.5777,16.547153,17.11547,16.454455,16.938552,
685.8593,16.443968,16.959048,16.478452,17.065734,
686.1408,16.862507,16.776134,16.578978,17.060795,
686.4224,16.527508,16.986068,16.719463,16.826967,
686.7040,16.114225,17.116783,16.828798,16.774516,
686.9855,16.44595,16.82398,16.74155,17.136161,
687.2671,16.490961,16.633782,16.629391,17.254134,
687.5486,16.50085,16.60051,16.55574,16.929041,
687.8302,16.700953,16.644339,16.547646,16.568386,
688.1118,16.752308,16.546923,16.781154,16.453077,
688.3933,16.354496,16.343866,17.093692,16.739312,
688.6749,16.144626,16.38266,16.982698,17.021608,
688.9565,16.495412,16.741113,16.611524,16.920015,
689.2380,16.660105,16.808221,16.778256,16.621145,
689.5196,16.907975,17.084644,17.147144,16.328987,
689.8011,16.739572,17.209289,17.21212,16.26799,
690.0827,16.456991,17.429768,17.111067,16.224629,
690.3643,16.41651,17.490209,16.729949,16.25513,
690.6458,16.490659,17.211142,16.438078,16.285632,
690.9274,16.69769,16.777615,16.28998,16.388825,
691.2089,17.264442,16.741335,16.596638,16.96875,
691.4905,17.416966,16.666966,16.61857,16.953748,
691.7721,17.568097,16.825092,16.536847,16.741605,
692.0536,17.685532,17.097687,16.65625,16.560532,
692.3352,17.594007,17.280736,16.65625,16.469007,
692.6167,17.228668,17.342097,16.65625,16.56002,
692.8983,16.832861,17.135964,16.834353,16.503132,
693.1799,16.494103,17.009219,16.756914,16.528945,
693.4614,17.089319,16.971792,17.370569,16.418419,
693.7430,17.128779,16.941279,17.272672,16.241422,
694.0246,16.937848,16.777084,17.089584,16.004862,
694.3061,16.932252,16.906011,16.984494,15.812739,
694.5877,17.063844,16.962769,16.994019,15.857056,
694.8692,17.142824,17.115971,17.220832,16.046758,
695.1508,17.084832,17.061025,17.28125,16.236587,
695.4324,17.039423,16.985097,17.327403,16.235097,
695.7139,17.075946,17.169882,16.606265,16.375186,
695.9955,17.136991,17.228379,16.204397,16.4375,
696.2770,17.135355,17.239645,16.15625,16.395711,
696.5586,17.104831,17.25,16.236928,16.253983,
696.8402,17.152087,17.191663,16.767391,16.226391,
697.1217,17.206223,17.025189,17.118669,16.212554,
697.4033,17.128743,16.991504,17.192253,16.421519,
697.6849,17.027938,17.013969,17.184188,16.680156,
697.9664,16.950314,16.900628,16.974068,16.700314,
698.2480,16.842874,16.986784,16.685748,16.529498,
698.5295,16.826632,17.171377,16.517118,16.436505,
698.8111,17.062353,16.985735,16.483162,16.569632,
699.0927,17.253855,16.763697,16.636974,16.605315,
699.3742,17.062938,16.87214,16.890406,16.448063,
699.6558,16.880567,17.024545,16.987728,16.313638,
699.9373,17.053117,16.958444,16.89938,16.392176,
700.2189,17.39108,16.748693,16.900625,16.568125,
700.5005,17.615674,16.677356,17.07428,16.282885,
700.7820,17.46519,16.703436,16.959313,16.165687,
701.0636,17.137872,16.795037,16.911306,16.161306,
701.3452,16.6875,16.830269,16.859804,16.085723,
701.6267,16.819327,17.091795,16.928221,16.018558,
701.9083,17.302974,17.240474,17.059596,15.888244,
702.1898,17.482237,17.4375,17.340461,15.978948,
702.4714,17.416693,17.327844,17.53109,16.171915,
702.7530,17.432561,16.772203,17.21875,16.231906,
703.0345,17.184309,16.737884,17.203443,16.155614,
703.3161,16.931238,16.918837,17.087488,16.42823,
703.5976,16.845757,17.288131,17.021502,16.928182,
703.8792,16.50872,16.977328,16.894042,17.163084,
704.1608,16.654145,16.576913,16.678029,16.739477,
704.4423,16.592302,16.098094,16.407336,16.440034,
704.7239,16.470058,16.464826,16.499019,16.653961,
705.0055,16.740868,17.164162,16.137176,17.049309,
705.2870,17.193234,17.128402,16.331843,16.914755,
705.5686,17.391934,17.153864,16.314886,16.675338,
705.8501,17.152628,17.043529,15.974337,16.68443,
706.1317,16.960012,17.003752,16.294973,16.6875,
706.4133,17.232487,16.919549,16.746004,16.821585,
706.6948,17.307387,17.089211,16.943187,16.739201,
706.9764,17.236123,17.226836,16.892373,16.769668,
707.2579,17.070057,17.126089,16.627178,16.285606,
707.5395,16.983037,17.09375,16.70714,16.276783,
707.8211,17.06248,17.023453,16.914027,16.382797,
708.1026,17.048231,17.136558,17.059789,16.246932,
708.3842,16.810367,17.275853,17.115838,16.099147,
708.6658,16.868678,17.248245,16.932235,16.105337,
708.9473,16.91675,16.969753,16.781501,16.353247,
709.2289,16.886167,16.703172,16.689752,16.569163,
709.5104,16.700249,16.741501,16.908668,16.741501,
709.7920,16.66876,16.662481,17.043748,16.568718,
710.0736,16.917734,16.580589,17.03125,16.225355,
710.3551,17.114784,16.802886,17.100962,16.076322,
710.6367,17.055643,17.002286,17.122714,16.0625,
710.9182,16.984859,16.902376,16.997095,16.159155,
711.1998,17.015452,16.750346,16.75173,16.296356,
711.4814,17.090435,16.866713,16.401399,16.373343,
711.7629,16.944121,17.03125,16.399629,16.519386,
712.0445,16.674011,16.990783,16.710206,16.534848,
712.3260,16.681925,16.873312,16.78125,16.54189,
712.6076,16.840628,16.78125,16.793438,16.769062,
712.8892,17.20434,16.78125,16.8125,16.773079,
713.1707,17.554462,16.792142,16.768931,16.856069,
713.4523,17.635756,16.781759,16.667006,16.876019,
713.7339,17.52653,16.699544,16.586588,16.759603,
714.0154,17.133069,16.727933,16.616485,16.817092,
714.2970,16.481334,16.889611,16.889611,16.872972,
714.5785,16.38983,16.82071,16.83607,16.81965,
714.8601,16.587586,16.771126,16.784332,16.909332,
715.1417,16.787655,16.875777,16.681095,16.8125,
715.4232,16.760565,17.057706,16.667791,16.789418,
715.7048,16.53125,17.255991,16.800945,16.636128,
715.9863,16.544766,16.946223,17.232266,16.365989,
716.2679,16.659875,16.859,17.293125,16.324125,
716.5495,16.928973,17.177761,17.143265,16.419235,
716.8310,17.135476,17.064941,17.028631,16.528631,
717.1126,17.242027,16.751993,16.996013,16.503987,
717.3942,17.120892,16.789465,16.9375,16.5625,
717.6757,17.030503,16.969497,16.93974,16.5625,
717.9573,17.000628,16.999623,17.031376,16.561746,
718.2388,17.153782,16.907731,17.062006,16.377962,
718.5204,17.427497,16.755557,17.0625,16.314723,
718.8020,16.940928,16.425254,17.0625,16.607724,
719.0835,16.629199,16.724236,16.889053,16.942986,
719.3651,16.53125,16.834884,16.81841,16.940455,
719.6466,16.586617,16.788383,16.757133,17.02055,
719.9282,16.566676,16.591734,16.858295,16.706366,
720.2098,16.641897,16.509569,16.954397,16.629784,
720.4913,16.501096,16.577577,16.994609,16.547423,
720.7729,16.519258,16.871545,16.848475,16.607012,
721.0545,16.974965,16.814246,16.8125,16.403143,
721.3360,16.973504,16.636955,16.788451,16.295652,
721.6176,16.984398,16.476504,16.757801,16.28125,
721.8991,16.931447,16.506053,16.841404,16.235548,
722.1807,16.661453,16.642521,17.142051,16.263258,
722.4623,16.519182,16.925752,17.185022,16.367887,
722.7438,16.5,17.157645,16.903459,16.364118,
723.0254,16.459052,17.259698,16.617456,16.405173,
723.3069,16.974375,17.022755,16.39206,16.4375,
723.5885,17.300546,16.894296,16.428276,16.4375,
723.8701,17.181535,16.999797,16.537419,16.325244,
724.1516,17.111874,17.026251,16.526251,16.322498,
724.4332,17.142541,16.771964,16.307047,16.462706,
724.7148,17.274968,16.61071,16.274968,16.616049,
724.9963,17.44052,16.7069,16.587939,16.73664,
725.2779,17.594811,16.876061,16.970872,16.797052,
725.5594,17.108932,17.075328,17.080123,16.827725,
725.8410,16.646509,17.114246,17,16.68259,
726.1226,16.88289,16.932704,16.985922,16.485922,
726.4041,17.022777,16.731459,16.860695,16.42823,
726.6857,17.016125,16.650875,16.641125,16.400875,
726.9672,16.844401,16.761719,16.593099,16.511719,
727.2488,16.643765,16.851392,16.840951,16.636804,
727.5304,16.49123,16.767541,17.217387,16.66749,
727.8119,16.755475,16.869016,17.010404,16.762242,
728.0935,17.227967,17.178283,16.258318,16.896133,
728.3751,17.341174,17.084192,16.482714,16.846326,
728.6566,17.343243,17.035497,16.65625,16.772249,
728.9382,17.010139,16.951858,16.690033,16.699325,
729.2197,16.483896,16.945712,16.733896,16.546715,
729.5013,16.395135,17.069841,16.571728,16.441274,
729.7829,16.610036,17.120914,16.533954,16.243209,
730.0644,16.731307,17.056435,16.643764,16.318636,
730.3460,16.525553,16.451824,16.599447,16.65039,
730.6275,16.5,16.671707,16.635305,16.317988,
730.9091,16.467731,16.736171,16.701329,16.173671,
731.1907,16.305665,16.631835,16.764974,16.118165,
731.4722,16.46169,16.458159,16.677431,16.291841,
731.7538,16.433189,16.392959,16.840757,16.377993,
732.0353,16.694874,16.587081,16.814958,16.398876,
732.3169,16.7851,16.867301,16.811028,16.329823,
732.5985,16.842357,16.75836,16.538085,16.596537,
732.8800,16.808181,16.936636,16.375623,16.653659,
733.1616,16.65625,16.904233,16.279233,16.559139,
733.4432,16.65625,16.719888,16.094888,16.251897,
733.7247,16.473031,16.840896,16.063214,16.097318,
734.0063,16.498764,16.84375,16.152543,16.09375,
734.2878,16.057584,16.991222,16.598666,16.270716,
734.5694,15.973298,17.144881,16.885786,16.484083,
734.8510,16.367189,16.871651,17.02009,16.52846,
735.1325,16.434196,16.899641,16.835631,16.53125,
735.4141,16.574666,16.90625,16.949666,16.558683,
735.6956,16.647595,17.148554,16.914905,16.400964,
735.9772,16.999633,17.266742,16.879836,16.348586,
736.2588,16.984778,17.28125,16.875,16.473287,
736.5403,16.917944,17.00182,17.027417,16.677819,
736.8219,16.95605,16.8877,17.1372,16.69385,
737.1035,16.724758,16.875,16.52187,16.297112,
737.3850,16.63235,17.042303,16.558854,16.402604,
737.6666,16.882439,17.374593,16.905843,16.843207,
737.9481,17.014567,17.560385,16.931274,16.831298,
738.2297,16.964003,17.414424,16.547597,16.400181,
738.5113,16.915575,17.321825,16.40625,16.1623,
738.7928,17.01343,17.3125,16.470558,16.467975,
739.0744,17.230092,17.417245,16.814236,16.813541,
739.3559,17.107859,17.366429,16.313898,16.722073,
739.6375,16.900094,17.252556,16.028694,16.684944,
739.9191,16.726748,17.257751,16.218502,16.933253,
740.2006,16.5231,17.167122,16.521736,17.043479,
740.4822,16.400411,17.130839,16.804606,16.957072,
740.7638,16.302721,17.17432,16.779762,16.761692,
741.0453,16.25,17.240291,16.599515,16.65625,
741.3269,16.147243,17.298376,16.462745,16.690502,
741.6084,16.478938,17.012665,16.656113,16.502202,
741.8900,16.892323,16.895718,16.891191,16.296309,
742.1716,17.016131,17.251418,16.890524,16.344155,
742.4531,17.109014,17.377167,16.844472,16.329931,
742.7347,17.199017,16.896364,16.753287,16.412836,
743.0162,17.19518,16.41137,16.673155,16.56506,
743.2978,16.982641,16.482637,16.670139,16.600693,
743.5794,16.803447,16.804029,16.6875,16.714369,
743.8609,16.840877,16.883159,16.6875,16.866841,
744.1425,16.96875,16.656088,16.674968,17.006185,
744.4241,16.932497,16.526247,16.704588,16.920412,
744.7056,16.840084,16.56186,16.885998,16.785556,
744.9872,16.658104,16.942651,17.15206,16.698695,
745.2687,16.383732,17.365257,17.323254,16.654229,
745.5503,16.291564,17.272167,17.292179,16.551878,
745.8319,16.352007,16.881478,17.138116,16.623381,
746.1134,16.248666,16.558908,16.927391,16.564758,
746.3950,15.848535,16.433276,16.669483,16.308276,
746.6765,16.049013,16.54289,16.642156,16.409312,
746.9581,16.368198,16.65625,16.711948,16.524448,
747.2397,16.52245,16.702586,16.796695,16.601473,
747.5212,16.817742,16.814556,16.872944,16.559314,
747.8028,17.026891,16.698121,16.996255,16.34375,
748.0844,17.34375,16.592719,17.09375,16.324381,
748.3659,17.271288,16.51102,17.039403,16.346616,
748.6475,17.024979,16.743729,16.806877,16.727508,
748.9290,17.317717,17.052095,16.791669,16.583324,
749.2106,17.480807,17.230928,16.853347,16.351008,
749.4922,17.256486,16.746135,16.849188,16.201192,
749.7737,16.53125,16.579042,16.456191,16.117646,
750.0553,16.556297,16.931297,16.188453,16.299141,
750.3368,16.791286,17.128176,16.504192,16.459731,
750.6184,17.10351,17.161802,17.035459,16.628492,
750.9000,16.545854,17.225884,16.458902,16.327104,
751.1815,16.331856,17.302588,16.71875,16.130947,
751.4631,16.159428,17.148305,16.702859,16.220339,
751.7446,16.228334,16.989218,16.407448,16.257188,
752.0262,16.471987,16.717941,16.450448,16.438309,
752.3078,16.592905,16.689614,16.945955,16.470441,
752.5893,16.530942,16.843942,17.5625,16.593712,
752.8709,16.283997,16.998283,17.5625,16.562843,
753.1525,17.07495,16.542096,17.104596,16.715135,
753.4340,17.09375,16.832746,16.912852,16.71875,
753.7156,17.123525,16.84375,16.90625,17.04627,
753.9971,17.007393,16.84375,16.994455,16.915491,
754.2787,16.651623,16.901813,17.174188,16.877219,
754.5603,16.596337,17.020903,17.27349,16.645694,
754.8418,16.678643,17.229333,17.196357,16.455215,
755.1234,16.855105,17.38967,16.936093,16.241961,
755.4049,16.32354,16.634206,16.409936,16.963221,
755.6865,16.195572,16.395179,16.507035,17.198571,
755.9681,16.241216,16.536147,16.746113,17.21875,
756.2496,16.011466,16.615508,16.860761,16.953712,
756.5312,15.864142,16.625,17.110369,16.90625,
756.8128,15.688933,16.754014,17.182053,17.19008,
757.0943,16.216278,16.704883,17.263867,16.94453,
757.3759,16.54464,16.787945,17.256139,16.548554,
757.6574,16.915748,16.168505,16.97754,16.072445,
757.9390,16.877854,16.757307,17.003967,16.384047,
758.2206,16.699199,16.776015,17.055342,16.692735,
758.5021,16.537466,16.26737,16.943716,16.441161,
758.7837,16.523424,16.570061,16.41434,16.17978,
759.0652,16.623626,16.880409,16.319282,16.309753,
759.3468,16.815615,16.823668,16.457582,16.443299,
759.6284,16.919882,17.028102,16.724411,16.423868,
759.9099,16.782673,17.257709,17.033682,16.450486,
760.1915,16.544368,17.377893,17.125,16.490548,
760.4731,16.404311,17.470689,16.910203,16.457041,
760.7546,16.459657,17.351851,16.643186,16.479828,
761.0362,16.666809,17.176994,16.583351,16.625107,
761.3177,16.893783,16.960676,16.634831,16.728581,
761.5993,16.948518,17.057091,16.716947,16.648838,
761.8809,16.857793,17.21603,16.710147,16.59375,
762.1624,16.87137,17.426611,16.569759,16.476009,
762.4440,17.022187,17.395991,16.635259,16.657446,
762.7255,17.322045,16.970058,16.92802,16.964696,
763.0071,17.393835,16.637627,17.174873,16.74411,
763.2887,17.177829,16.507193,17.139386,16.273151,
763.5702,16.98992,16.559475,17.080645,16.31149,
763.8518,16.866073,16.57143,17.04018,16.52232,
764.1334,16.777358,16.443394,17.035142,16.492215,
764.4149,16.92288,16.496016,16.855043,16.230043,
764.6965,17.045493,16.52572,16.636478,15.99447,
764.9780,17.181815,16.518938,16.543562,15.920771,
765.2596,17.23023,16.5625,16.598724,16.004974,
765.5412,17.107707,16.691948,16.833129,16.320285,
765.8227,16.982947,16.907964,17.080125,16.547161,
766.1043,16.953179,17.015643,17.140571,16.437357,
766.3858,17.107644,16.938984,17.078372,16.174101,
766.6674,16.810644,17.115821,17.107845,15.97079,
766.9490,16.70181,17.213135,17.09683,15.980525,
767.2305,17.237671,16.824829,17.045848,15.974915,
767.5121,17.351444,16.581972,17.091185,15.932371,
767.7937,17.207729,16.643974,17.040457,16.112724,
768.0752,17.336181,16.891977,16.840614,16.25,
768.3568,17.535312,17.017656,16.71875,16.25,
768.6383,17.446602,16.906554,16.905642,16.196602,
768.9199,17.519184,16.55842,17.169358,16.229861,
769.2015,17.487117,16.262869,17.161763,16.426474,
769.4830,17.181514,16.331778,17.036576,16.550528,
769.7646,17.342732,16.431046,16.893852,16.724186,
770.0461,17.53125,16.687756,16.875,16.826332,
770.3277,17.495434,17.007373,16.863061,16.773877,
770.6093,17.414075,16.921899,16.808612,16.789075,
770.8908,17.547342,16.84375,16.681063,16.75,
771.1724,17.911364,16.922633,16.78788,16.761269,
771.4540,17.876533,17.084602,17.154346,16.803352,
771.7355,17.474553,17.027475,17.007061,16.757061,
772.0171,17.218129,16.886245,16.748137,16.614997,
772.2986,17.197906,16.833369,16.645812,16.635422,
772.5802,17.352699,16.613535,16.822707,16.552922,
772.8618,17.580021,16.708747,16.963782,16.388729,
773.1433,17.691193,16.638494,17.267756,16.159943,
773.4249,17.236021,16.512045,17.240568,16.002443,
773.7064,16.471781,16.515781,17.088,15.984531,
773.9880,16.40625,16.680277,17.474352,16.121389,
774.2696,16.424295,16.902723,17.400099,16.250656,
774.5511,16.565929,17.107331,16.832145,16.362078,
774.8327,16.838448,17.019253,16.449497,16.267299,
775.1142,16.897783,16.855447,16.638704,16.329434,
775.3958,16.949588,16.693887,16.860325,16.383288,
775.6774,16.937258,16.657443,16.800809,16.373807,
775.9589,16.344247,16.702379,16.571432,16.265376,
776.2405,16.507391,16.539203,16.866673,16.210984,
776.5221,16.756737,16.537126,17.170584,16.225487,
776.8036,16.830409,16.772295,17.3125,16.425499,
777.0852,16.6875,16.887364,17.261617,16.716576,
777.3667,16.651955,17.002814,17.036877,16.762736,
777.6483,16.579914,16.850634,16.84375,16.600702,
777.9299,16.763595,16.581475,16.680604,16.672584,
778.2114,16.8125,16.339085,16.126982,16.830457,
778.4930,16.780011,16.469989,16.282489,16.774752,
778.7745,16.618138,16.606454,16.425306,16.775408,
779.0561,16.481168,16.687296,16.524836,16.850164,
779.3377,16.500904,16.782154,16.649276,16.737862,
779.6192,16.380932,16.721502,16.815252,16.59852,
779.9008,16.412048,17.017393,17.122739,16.207155,
780.1824,16.562159,16.974757,17.278332,16.207247,
780.4639,17.075159,16.470727,17.361947,16.409811,
780.7455,16.84375,16.662886,17.091303,16.302899,
781.0270,16.84904,16.84375,16.765381,16.416829,
781.3086,16.921528,16.823071,16.625462,16.432561,
781.5902,17.201726,16.693485,16.357976,16.255053,
781.8717,17.462195,16.582256,16.583872,16.305945,
782.1533,17.588922,16.75992,16.53125,16.442328,
782.4348,17.510581,17.066572,16.616208,16.530109,
782.7164,17.21875,16.544041,17.075291,16.810393,
782.9980,17.223263,16.428475,16.941674,16.428475,
783.2795,17.227933,16.38824,16.79449,16.445614,
783.5611,17.076482,16.473067,16.913854,16.900903,
783.8427,16.989869,16.508448,17.160474,17.020262,
784.1242,17.166335,16.5625,17.1999,16.7376,
784.4058,17.445592,16.558454,17.265065,16.676481,
784.6873,17.353415,16.555021,17.112671,16.808538,
784.9689,17.050642,16.71875,16.80862,16.789011,
785.2505,16.927807,16.730156,16.754636,16.855156,
785.5320,16.61611,16.793867,16.592313,16.95986,
785.8136,16.795867,16.641633,16.794228,17.121346,
786.0951,16.888325,16.534835,16.638325,17.06507,
786.3767,16.739444,16.566019,16.492963,16.805044,
786.6583,16.632062,16.59375,16.402945,16.482723,
786.9398,16.525776,16.60054,16.128395,16.398074,
787.2214,17.239986,16.649574,16.179616,16.847088,
787.5030,17.169386,16.633157,16.440679,16.871716,
787.7845,17.297414,16.962284,17.003233,16.837284,
788.0661,17.44387,16.915805,17.040805,16.78125,
788.3476,17.4843,17,17.09988,16.78125,
788.6292,17.312769,16.996902,16.899785,16.775054,
788.9108,17.012894,16.96875,17.128059,16.724869,
789.1923,16.813513,16.983868,17.162297,16.778226,
789.4739,16.543214,17.113036,17.188839,16.72308,
789.7554,16.65625,16.98223,16.885519,16.442095,
790.0370,16.641574,16.8125,16.699241,16.169888,
790.3186,16.465055,16.835796,16.850357,16.002912,
790.6001,16.127892,17.082744,17.221642,16.034142,
790.8817,16.182125,17.272625,17.229875,16.065375,
791.1633,16.46325,17.190361,17.008361,16.102333,
791.4448,16.650339,17.213049,16.764147,16.204603,
791.7264,15.980122,17.170465,16.588064,16.383529,
792.0079,16.096589,17.3125,16.536927,16.474427,
792.2895,16.142024,17.28129,16.579563,16.519901,
792.5711,16.340893,16.954554,16.465893,16.397732,
792.8526,16.625,16.7869,16.767066,16.298278,
793.1342,16.616442,16.539808,16.983144,16.153397,
793.4157,16.5112,16.627864,17.466142,16.125,
793.6973,16.3672,16.664887,17.729847,16.1797,
793.9789,16.903353,16.778969,17.519662,16.715853,
794.2604,16.886672,17.059582,17.382906,16.690418,
794.5420,16.979403,17.019481,17.135653,16.704038,
794.8235,16.79313,16.89734,16.9375,16.56547,
795.1051,16.888245,16.842508,16.943502,16.563742,
795.3867,16.730889,17.094652,17.00607,16.296424,
795.6682,16.868327,16.784851,17.084005,16.440572,
795.9498,17.081299,16.540588,17.265687,16.425173,
796.2314,16.981376,16.666034,17.112374,16.069128,
796.5129,17.096954,17.060082,16.993593,16.444693,
796.7945,17.095715,17.3125,16.927738,16.787758,
797.0760,16.820597,17.289347,16.84375,16.850365,
797.3576,16.611542,17.09375,16.857208,16.899521,
797.6392,16.520548,17.076627,16.975599,16.84375,
797.9207,16.697965,16.954941,17.041715,16.840262,
798.2023,16.806135,17.07953,17.057455,16.787615,
798.4838,16.981874,16.9615,16.567501,16.604625,
798.7654,16.825257,16.872963,16.862243,16.694897,
799.0470,16.710152,16.647652,16.969797,16.753775,
799.3285,16.863434,16.816355,16.742289,16.78125,
799.6101,16.793067,16.847689,16.734767,16.797006,
799.8917,16.854871,16.870974,17.0625,16.87807,
800.1732,16.681707,16.847866,17.025457,16.699848,
800.4548,16.429081,16.963398,16.869648,16.739155,
800.7363,16.387919,17.505412,17.407356,16.460137,
801.0179,16.512816,17.295277,17.196717,16.37981,
801.2995,16.803801,17.022551,17.071521,16.209729,
801.5810,16.932883,17.179337,17.129617,16.170102,
801.8626,16.901522,17.321956,17.15625,16.273639,
802.1441,16.90405,17.341109,17.141725,16.415933,
802.4257,17.01787,17.091785,17.027788,16.478668,
802.7073,16.750773,16.734761,16.808193,16.53633,
802.9888,16.583343,16.65625,16.68224,16.593722,
803.2704,16.563237,16.672243,17.000737,16.803311,
803.5520,16.691439,16.771848,17.107091,17.040652,
803.8335,16.54571,16.847017,16.740683,16.892728,
804.1151,16.463016,16.730219,16.084859,16.676031,
804.3966,16.4375,16.728369,15.976758,16.572119,
804.6782,16.467602,16.451836,16.383598,16.391914,
804.9598,16.667775,16.478244,16.732306,16.649269,
805.2413,16.994032,17.343045,16.40625,16.843398,
805.5229,17.132604,17.061371,16.419201,16.692847,
805.8044,17.274616,16.917597,16.475384,16.553943,
806.0860,17.283983,16.877733,16.588357,16.44703,
806.3676,17.350551,17.006962,16.927137,16.6216,
806.6491,17.184777,17.03125,17.028527,16.71875,
806.9307,17.28125,17.03125,17.117696,16.747968,
807.2123,17.273769,16.881636,17.153596,16.828789,
807.4938,17.288303,16.429232,17.182879,16.727626,
807.7754,17.390562,16.492156,16.656124,16.60172,
808.0569,17.335719,16.460719,16.642808,16.782997,
808.3385,17.254951,16.388172,16.965435,16.976971,
808.6201,17.034842,16.300492,17.168258,16.983169,
808.9016,16.840548,16.515017,16.884829,16.834144,
809.1832,16.705929,16.736378,16.508814,16.500801,
809.4647,16.864319,16.835364,16.639478,16.271598,
809.7463,17.475886,16.885704,16.897023,16.112205,
810.0279,17.287114,16.668621,16.875,16.250643,
810.3094,17.127285,16.634655,16.865345,16.43013,
810.5910,17.003255,16.745117,16.833876,16.314128,
810.8726,16.895194,16.957694,16.792306,16.199515,
811.1541,16.854913,17.020647,16.770647,16.03181,
811.4357,16.65584,17.009733,16.801947,15.959017,
811.7172,16.755558,16.819953,16.953845,16.0625,
811.9988,17.018402,16.832643,17.15998,16.095574,
812.2804,16.791048,17.144984,16.960031,16.291437,
812.5619,16.485209,17.009897,17.034531,16.54276,
812.8435,16.347457,16.741948,17.105509,16.597776,
813.1250,16.262011,16.721085,17.052936,16.680271,
813.4066,16.330316,16.911799,16.888434,16.706484,
813.6882,16.356147,17.006327,16.837552,16.6875,
813.9697,16.677708,16.947399,17.143568,16.457299,
814.2513,17.276112,16.87264,17.452915,16.125,
814.5328,17.299174,17.106611,17.330424,16.204958,
814.8144,17.322052,17.304402,17.285299,16.366902,
815.0960,17.444393,17.319486,17.277757,16.520772,
815.3775,17.488769,17.221679,17.227538,16.681641,
815.6591,17.191922,17.216392,17.009434,16.706663,
815.9407,16.803105,17.25,16.830795,16.65625,
816.2222,16.732584,17.17486,16.901474,16.596138,
816.5038,16.765925,17.124399,16.908652,16.439302,
816.7853,16.781251,17.140625,16.749999,16.328125,
817.0669,16.748782,17.14093,16.814327,16.408077,
817.3485,16.784926,17.075062,17.003676,16.662377,
817.6300,16.924649,17.033099,17.1103,16.911797,
817.9116,17.103672,17.146826,17.192461,17.016865,
818.1931,17.167196,17.253119,17.387478,17.048435,
818.4747,16.94992,16.537576,17.41246,17.255088,
818.7563,16.830335,16.348324,17.218904,17.317074,
819.0378,16.807418,16.390247,16.943339,17.159169,
819.3194,16.78125,16.487251,16.738496,16.964244,
819.6010,16.687052,16.726075,16.70634,16.648925,
819.8825,16.682546,16.894182,16.776296,16.442454,
820.1641,16.777335,17.003892,16.851557,16.230494,
820.4456,16.892015,17.161893,16.875,16.144879,
820.7272,16.876802,17.21875,16.915466,16.540672,
821.0088,17.090839,17.362885,16.999272,16.647046,
821.2903,17.365418,17.416547,16.905534,16.614703,
821.5719,17.245634,17.384932,16.758476,16.49709,
821.8534,16.895993,17.006303,16.783814,16.394124,
822.1350,16.670942,16.755503,16.900747,16.419123,
822.4166,16.714757,16.786068,17.117013,16.504818,
822.6981,17.023847,16.972244,17.119038,16.554071,
822.9797,16.823322,16.79919,16.652836,16.608912,
823.2613,16.647964,16.671559,16.429214,16.625,
823.5428,16.601011,16.48833,16.40625,16.553034,
823.8244,16.666907,16.510657,16.430636,16.555636,
824.1059,16.761861,16.630398,16.586222,16.5625,
824.3875,16.882018,16.65625,16.725768,16.612884,
824.6691,17.034256,16.349035,16.75,16.625,
824.9506,17.114529,16.125164,16.723986,16.651014,
825.2322,16.992843,16.675243,16.507298,16.550074,
825.5137,16.834487,16.646987,16.549308,16.478481,
825.7953,16.594278,16.625,16.371556,16.476694,
826.0769,16.396259,16.514172,16.205216,16.330216,
826.3584,16.26244,16.5,16.30006,16.1718,
826.6400,16.364309,16.81435,16.341077,16.013364,
826.9216,16.491074,16.727676,16.517861,16.232148,
827.2031,16.647319,16.71875,16.649105,16.544638,
827.4847,16.446858,16.71875,16.596424,16.532587,
827.7662,16.316034,16.688383,16.867049,16.379417,
828.0478,16.189204,16.53338,16.936648,16.498296,
828.3294,16.343964,16.375071,16.906001,16.343572,
828.6109,16.532253,16.440007,16.685495,16.186497,
828.8925,16.588894,16.596663,16.570269,16.132769,
829.1740,16.42594,16.6875,16.822615,16.388005,
829.4556,16.204807,16.660578,17.029327,16.65625,
829.7372,16.451914,16.237974,16.987974,16.634604,
830.0187,16.244217,16.085076,16.826402,16.375,
830.3003,16.180736,16.003382,16.642723,16.391909,
830.5819,16.159886,16.035126,16.566136,16.546755,
830.8634,16.410625,16.08875,16.856249,16.651875,
831.1450,16.476522,16.2939,17.125,16.595733,
831.4265,16.703654,16.558174,17.157308,16.410576,
831.7081,16.857897,16.640333,17.300708,16.357897,
831.9897,17.193911,16.501612,17.217944,16.719556,
832.2712,17.177166,16.8401,17.031373,16.864542,
832.5528,17.001432,17.141341,16.8125,16.885319,
832.8343,16.898268,17.061821,16.836447,16.702785,
833.1159,16.909058,16.917663,16.948822,16.758424,
833.3975,17.054305,16.790301,17.116805,16.967894,
833.6790,17.1875,16.831683,17.307548,16.649446,
833.9606,17.076002,16.895272,17.336138,16.392748,
834.2422,16.961288,16.9375,17.082259,16.689111,
834.5237,17.254931,16.892546,16.92133,16.8125,
834.8053,17.351408,16.836092,16.734066,16.694539,
835.0868,17.201279,16.924431,16.520313,16.450569,
835.3684,16.953706,16.961228,16.467587,16.323304,
835.6500,16.911222,16.933239,16.862926,16.290483,
835.9315,17.084414,16.912474,17.332922,16.442233,
836.2131,17.319331,17.092764,16.848662,16.76757,
836.4946,17.301208,17.329307,16.136292,16.984769,
836.7762,17.172456,17.249613,16.533962,16.873838,
837.0578,17.382856,17.169518,16.766411,16.814071,
837.3393,17.616284,17.107993,16.764243,16.826743,
837.6209,17.440998,17.058535,16.802822,16.794893,
837.9024,17.067878,17.085886,16.971235,16.872311,
838.1840,16.918679,17.181464,17.043679,17.06925,
838.4656,16.925685,17.17988,16.95351,16.88416,
838.7471,16.917447,17.076038,16.966409,16.658591,
839.0287,16.761523,16.845173,16.979325,16.562974,
839.3103,16.644896,16.707396,16.926146,16.509948,
839.5918,16.208272,16.775232,16.730786,16.587732,
839.8734,16.18923,16.925343,16.791661,16.670137,
840.1549,16.482084,16.899125,16.983001,16.710708,
840.4365,16.729469,16.731883,17.222072,16.861867,
840.7181,16.462731,16.662999,16.668713,16.832746,
840.9996,16.551083,16.807178,16.650928,16.686727,
841.2812,16.800248,16.998624,16.635875,16.604625,
841.5627,16.764327,17.084199,16.677949,16.620224,
841.8443,16.505733,17.202313,16.850345,16.679282,
842.1259,16.46875,17.051879,16.735941,16.631876,
842.4074,16.725135,16.888814,16.804212,16.397102,
842.6890,17.041671,16.875,16.8125,16.345833,
842.9706,16.943094,17.113812,16.693094,16.851226,
843.2521,17.090202,16.880676,16.779121,16.783379,
843.5337,17.124984,16.875,16.937419,16.593847,
843.8152,16.96125,17.281932,17.091023,16.149431,
844.0968,16.620847,17.294503,16.970134,15.845134,
844.3784,16.520793,16.887427,16.993726,15.875,
844.6599,16.394621,16.644621,16.923068,15.891818,
844.9415,16.625422,16.875422,17.05152,16.090653,
845.2230,16.849561,17.099561,16.72723,16.3125,
845.5046,16.712326,16.922605,16.816006,16.33236,
845.7862,16.83236,16.826665,16.971525,16.44889,
846.0677,16.813397,16.724283,16.882326,16.5,
846.3493,16.951837,16.625,17.016913,16.514337,
846.6309,17,16.664559,17.008309,16.578324,
846.9124,17.01732,16.74661,17.11634,16.64232,
847.1940,17.053087,16.562122,17.084337,16.602785,
847.4755,17.03125,16.455622,16.981138,16.446931,
847.7571,17.085911,16.796823,16.735974,16.596844,
848.0387,17.175801,17.035097,16.605449,16.812341,
848.3202,17.268482,17.018929,16.674881,16.906399,
848.6018,17.397761,16.853265,16.776492,16.666792,
848.8833,17.203482,16.78125,16.784446,16.342509,
849.1649,16.883129,16.810874,16.720376,16.039379,
849.4465,16.859168,16.718934,16.890326,16.062224,
849.7280,17.065587,16.610147,16.99537,16.430363,
850.0096,17.193784,16.676588,16.854662,16.696926,
850.2912,17.304,16.77275,16.8485,16.76325,
850.5727,17.381368,16.944162,16.875,16.637147,
850.8543,17.327761,16.952761,16.953489,16.680234,
851.1358,17.138167,17.028893,16.856917,16.668238,
851.4174,16.99871,17.136277,16.71746,16.710053,
851.6990,16.637385,17.089977,16.532863,16.153542,
851.9805,16.752158,17.108347,16.514597,16.089638,
852.2621,16.962553,17.125,16.792617,16.488899,
852.5436,17.147615,17.100397,16.998013,16.741365,
852.8252,16.958456,16.788359,17.234844,16.933946,
853.1068,16.748445,16.639848,17.333852,16.390133,
853.3883,16.582965,16.516372,17.235122,16.525664,
853.6699,16.590518,16.640091,17.274786,17.010791,
853.9515,17.171432,17.2917,16.356959,16.600354,
854.2330,17.248505,17.433015,16.072966,16.473235,
854.5146,17.096848,17.376239,16.185022,16.46875,
854.7961,17.062239,17.185935,16.379695,16.469011,
855.0777,17.022081,16.997708,16.931769,16.502292,
855.3593,16.771068,16.945646,16.791432,16.546209,
855.6408,16.613274,17.080089,16.931637,16.303706,
855.9224,16.530652,17.219348,16.882663,16.226413,
856.2039,16.778418,17,16.956445,16.328613,
856.4855,16.943146,17.005646,17.085084,16.599396,
856.7671,16.955629,17.018129,17.180939,16.559394,
857.0486,16.90625,16.96875,17.059008,16.29754,
857.3302,16.90625,16.960345,16.792023,16.317237,
857.6117,16.999589,16.918832,16.878248,16.481332,
857.8933,17.290628,16.885268,16.863841,16.304013,
858.1749,17.280596,16.839005,16.96875,15.840723,
858.4564,16.939242,16.71875,16.774324,15.548606,
858.7380,16.804448,16.823556,16.246037,15.638101,
859.0196,16.679726,16.96875,15.993719,15.754634,
859.3011,16.548708,16.818611,16.40782,15.965084,
859.5827,16.563912,16.672228,17.132766,16.078478,
859.8642,16.692788,16.721394,17.400962,16.195432,
860.1458,16.678316,16.767921,17.236224,16.317092,
860.4274,16.322598,16.630049,17.250751,16.28705,
860.7089,16.125,16.551134,17.173311,16.269884,
860.9905,16.291987,16.604247,16.864144,16.636096,
861.2720,16.506205,16.581265,16.83747,16.790633,
861.5536,16.516767,16.676833,16.966467,16.872717,
861.8352,16.5,16.861975,16.952258,16.930121,
862.1167,16.400479,16.90625,16.713579,16.788219,
862.3983,16.271422,16.932145,16.37141,16.931262,
862.6799,16.599882,16.749102,16.393242,16.568785,
862.9614,16.65625,16.858443,16.657697,16.323506,
863.2430,16.598314,16.932936,16.890277,16.231745,
863.5245,16.503741,16.997506,16.756236,16.099986,
863.8061,16.468957,17.062085,16.625829,16.311049,
864.0877,16.472939,16.9375,16.506703,16.130865,
864.3692,16.63444,16.9375,16.757552,16.349414,
864.6508,16.757702,16.981652,16.880887,16.478709,
864.9323,16.55127,17.394238,16.9375,16.838964,
865.2139,16.69257,17.251663,16.917221,16.558262,
865.4955,16.731031,16.888375,16.873907,16.344297,
865.7770,16.82455,16.680283,17.031183,16.225967,
866.0586,17.01024,16.681144,16.727048,16.299788,
866.3402,17.106231,16.75,16.656156,16.465653,
866.6217,17.083452,16.75,16.364167,16.468393,
866.9033,16.847249,16.761573,16.369198,16.274312,
867.1848,16.387675,16.768575,16.6757,16.10555,
867.4664,16.364903,16.860259,16.832694,16.127727,
867.7480,16.34229,17,16.87792,16.384054,
868.0295,16.423038,16.967974,16.924589,16.755429,
868.3111,16.657244,16.954636,16.996978,17.003022,
868.5926,16.830764,16.895693,17.078335,16.757287,
868.8742,16.863148,16.882546,17.253239,16.310329,
869.1558,16.135679,16.72142,17.25089,16.115177,
869.4373,16.595555,16.559957,16.828494,16.288878,
869.7189,17.311206,16.668232,16.405116,16.694626,
870.0005,16.981781,16.910632,16.672278,17.004382,
870.2820,16.718023,16.893314,16.906977,17.087645,
870.5636,17.213717,16.927622,16.700703,17.041128,
870.8451,17.559835,16.827573,16.436397,16.921323,
871.1267,17.106567,16.755184,16.549539,16.705645,
871.4083,16.644749,16.391928,17.129447,16.418946,
871.6898,16.718079,16.437052,17.187276,16.499329,
871.9714,16.776407,16.59375,17.248063,16.750969,
872.2529,16.620667,16.598083,17.15067,16.776917,
872.5345,16.552391,16.65962,16.632662,16.735599,
872.8161,16.509955,16.682922,16.460392,16.925362,
873.0976,16.77317,16.65625,16.634297,17.21875,
873.3792,16.945119,16.810513,16.728357,17.120583,
873.6608,17.162789,17.319039,16.462211,16.707118,
873.9423,17.018012,17.174262,16.597521,16.405328,
874.2239,16.84375,16.935782,16.771406,16.241015,
874.5054,16.879583,16.764723,16.824444,16.403472,
874.7870,16.963882,16.6875,16.84375,16.473618,
875.0686,17.028887,16.77416,16.771533,16.336397,
875.3501,16.983995,16.937804,16.6875,16.093142,
875.6317,17.126786,16.728571,16.975893,16.138393,
875.9132,17.239568,16.536466,17.109352,16.372415,
876.1948,17.011934,16.757573,16.933714,16.515529,
876.4764,16.885463,16.833426,16.978935,16.666435,
876.7579,16.808783,16.525559,17.075395,16.829112,
877.0395,16.687797,16.312797,16.696575,16.991816,
877.3210,16.68091,16.675805,16.5625,16.809313,
877.6026,16.791347,17.014905,16.951925,16.724038,
877.8842,16.976115,17.171577,16.513135,16.746019,
878.1657,17.085747,17.330412,16.723324,16.378429,
878.4473,16.854541,17.34375,16.869604,16.194244,
878.7289,16.687623,16.937819,16.906225,16.343627,
879.0104,16.367166,16.375,16.626306,16.447945,
879.2920,16.213914,16.401414,16.669457,16.695424,
879.5735,16.507966,16.751226,16.836397,16.793199,
879.8551,16.525191,17.043592,16.850762,16.779061,
880.1367,16.357115,16.410577,16.125,16.305817,
880.4182,16.48666,16.728619,16.141082,16.289291,
880.6998,16.73756,16.97512,16.22512,16.303095,
880.9813,16.770475,16.997851,16.29095,16.442873,
881.2629,16.786451,16.802098,16.322902,16.701399,
881.5445,16.965533,16.728094,16.559283,16.692657,
881.8260,17.259264,16.796168,16.748587,16.826005,
882.1076,16.770127,16.959298,16.862804,16.826067,
882.3892,16.205209,17.09375,16.972918,16.958341,
882.6707,16.428995,16.998184,16.961774,17.03641,
882.9523,16.747207,16.834885,16.896454,16.774248,
883.2338,16.975381,16.912881,16.699492,16.436865,
883.5154,17.171409,17.038829,16.414762,16.530628,
883.7970,16.698225,17.012926,16.467684,16.717684,
884.0785,16.431401,16.816462,16.631099,16.671341,
884.3601,16.157324,16.283398,16.794542,16.600933,
884.6416,16.503338,16.247853,16.928912,16.535544,
884.9232,16.62291,16.311106,17.181926,16.409037,
885.2048,16.689778,16.605902,17.426108,16.383354,
885.4863,16.770142,17.098193,16.924316,16.714307,
885.7679,16.606551,17.163629,16.351129,16.663629,
886.0495,16.479077,17.223914,16.509523,16.708423,
886.3310,16.591041,17.183566,16.918311,16.742615,
886.6126,16.820629,16.961887,16.548775,17.054371,
886.8941,16.882233,17.002388,16.677879,16.915802,
887.1757,16.990986,16.904146,16.689604,16.634014,
887.4573,17.043871,16.717535,16.699514,16.518021,
887.7388,16.991846,16.573642,16.610869,16.476904,
888.0204,16.812374,16.750168,16.640688,16.468624,
888.3019,16.71875,16.99517,16.876338,16.460835,
888.5835,16.606585,17.168527,16.563896,16.30692,
888.8651,16.693068,17.238977,16.330909,16.318068,
889.1466,17.020678,17.271766,16.418532,16.515081,
889.4282,17.125,17.234628,16.554056,16.469255,
889.7098,17.050413,17.169026,16.618612,15.915394,
889.9913,17.004831,16.918478,16.783515,15.622735,
890.2729,16.944036,16.847018,17.036357,15.761643,
890.5544,17.026153,16.84375,17.210256,15.958557,
890.8360,16.439853,17.217264,16.907489,16.466768,
891.1176,16.715835,17.128558,16.74417,16.279793,
891.3991,16.65016,16.553365,16.609776,16.25,
891.6807,16.570559,16.422367,16.445559,16.314936,
891.9622,16.49364,16.168726,16.356165,16.668787,
892.2438,16.679533,16.234437,16.539093,16.609437,
892.5254,16.467949,16.337981,16.553045,16.599519,
892.8069,16.261073,16.756645,16.265501,16.291584,
893.0885,16.255856,17.065405,15.844734,16.00684,
893.3701,16.247404,16.649712,16.123749,16.091154,
893.6516,16.217398,16.563176,16.439528,16.172889,
893.9332,16.12104,16.716987,16.601671,16.359592,
894.2147,16.190018,16.985783,16.598489,16.410989,
894.4963,16.459083,16.989209,16.708858,16.458633,
894.7779,16.720484,16.847224,16.848957,16.454862,
895.0594,16.296529,16.8125,17.11736,16.243612,
895.3410,16.752161,17.019773,17.083863,16.291137,
895.6225,17.481948,16.786615,16.759026,16.367677,
895.9041,16.947744,16.457259,16.630928,16.375,
896.1857,16.720455,16.623295,16.501136,16.313068,
896.4672,17.403422,16.929015,16.585265,16.316743,
896.7488,17.300088,16.715694,16.375063,16.393775,
897.0303,16.819318,16.420739,16.132387,16.102556,
897.3119,16.356843,16.506547,16.317563,16.172436,
897.5935,16.41452,16.53952,16.27664,16.056035,
897.8750,16.457499,16.632498,16.477499,15.966248,
898.1566,16.558678,16.769514,16.585971,16.222843,
898.4382,16.683206,16.709566,16.678912,16.37011,
898.7197,16.794883,16.65625,16.765227,16.342156,
899.0013,16.891981,16.605306,16.66238,16.474176,
899.2828,16.887507,16.656214,16.824898,16.493765,
899.5644,16.833979,16.657219,17.143572,16.612322,
899.8460,16.834784,16.513578,17.285603,16.910343,
900.1275,16.699362,16.46875,17.264371,16.927806,
900.4091,16.759656,16.572156,17.172446,16.492627,
900.6906,16.891828,16.621395,17.128605,16.157449,
900.9722,16.935694,16.77222,17.154444,15.712783,
901.2538,17.03125,16.90625,17.21875,15.65625,
